state,year,population,violent_crime,murder,rape,robbery,aggravated_assault,property_crime,burglary,larceny_theft,motor_vehicle_theft,violent_crime_rate,murder_rate,rape_rate,robbery_rate,aggravated_assault_rate,property_crime_rate,burglary_rate,larceny_theft_rate,motor_vehicle_theft_rate,total_crime,total_crime_rate,rape_definition
ALABAMA,2010,4779736,18056,273,1349,4761,11673,168092,42034,115458,10600,377.761,5.712,28.223,99.608,244.219,3516.763,879.421,2415.573,221.77,186148,3894.525,legacy
ALASKA,2010,710231,4537,31,533,594,3379,20259,3105,15535,1619,638.806,4.365,75.046,83.635,475.761,2852.452,437.182,2187.317,227.954,24796,3491.258,legacy
ARIZONA,2010,6392017,26085,409,2165,6937,16574,225893,50771,153614,21508,408.087,6.399,33.87,108.526,259.292,3533.986,794.288,2403.216,336.482,251978,3942.073,legacy
ARKANSAS,2010,2915918,14735,138,1312,2372,10913,103775,32511,65720,5544,505.33,4.733,44.994,81.347,374.256,3558.914,1114.949,2253.836,190.129,118510,4064.243,legacy
CALIFORNIA,2010,37253956,164133,1809,8331,58116,95877,981939,228857,600558,152524,440.579,4.856,22.363,156,257.361,2635.798,614.316,1612.065,409.417,1146072,3076.377,legacy
COLORADO,2010,5029196,16133,120,2198,3132,10683,134992,26153,97592,11247,320.787,2.386,43.705,62.276,212.42,2684.167,520.023,1940.509,223.634,151125,3004.953,legacy
CONNECTICUT,2010,3574097,10057,130,583,3553,5791,78386,15172,56507,6707,281.386,3.637,16.312,99.41,162.027,2193.169,424.499,1581.015,187.656,88443,2474.555,legacy
DELAWARE,2010,897934,5575,48,312,1829,3386,30963,7515,21519,1929,620.87,5.346,34.746,203.69,377.088,3448.249,836.921,2396.501,214.826,36538,4069.119,legacy
FLORIDA,2010,18801310,101969,987,5373,26086,69523,669035,169119,458454,41462,542.351,5.25,28.578,138.746,369.777,3558.449,899.506,2438.415,220.527,771004,4100.799,legacy
GEORGIA,2010,9687653,39072,558,2093,12373,24048,352679,96723,225651,30305,403.318,5.76,21.605,127.719,248.233,3640.5,998.415,2329.264,312.821,391751,4043.817,legacy
HAWAII,2010,1360301,3574,24,365,1054,2131,45083,8663,31320,5100,262.736,1.764,26.832,77.483,156.657,3314.193,636.844,2302.432,374.917,48657,3576.929,legacy
IDAHO,2010,1567582,3465,21,525,214,2705,31286,6502,23462,1322,221.041,1.34,33.491,13.652,172.559,1995.813,414.779,1496.7,84.334,34751,2216.854,legacy
ILLINOIS,2010,12830632,55835,706,3033,20054,32042,343989,75399,239794,28796,435.17,5.502,23.639,156.298,249.73,2680.998,587.648,1868.918,224.432,399824,3116.168,legacy
INDIANA,2010,6483802,20389,292,1761,6219,12117,197260,47115,137027,13118,314.461,4.504,27.16,95.916,186.881,3042.351,726.657,2113.374,202.32,217649,3356.811,legacy
IOWA,2010,3046355,8333,39,836,1011,6447,68315,16656,47883,3776,273.54,1.28,27.443,33.187,211.63,2242.516,546.752,1571.813,123.951,76648,2516.056,legacy
KANSAS,2010,2853118,10531,100,1107,1544,7780,89015,19404,63602,6009,369.105,3.505,38.8,54.116,272.684,3119.92,680.098,2229.21,210.612,99546,3489.025,legacy
KENTUCKY,2010,4339367,10528,187,1381,3748,5212,110709,30311,74189,6209,242.616,4.309,31.825,86.372,120.11,2551.271,698.512,1709.673,143.085,121237,2793.887,legacy
LOUISIANA,2010,4533372,24886,510,1233,5211,17932,165357,45435,110029,9893,548.951,11.25,27.198,114.948,395.555,3647.55,1002.234,2427.09,218.226,190243,4196.501,legacy
MAINE,2010,1328361,1621,24,389,414,794,32934,7359,24585,990,122.03,1.807,29.284,31.166,59.773,2479.296,553.991,1850.777,74.528,34555,2601.326,legacy
MARYLAND,2010,5773552,31620,430,1227,11054,18909,173051,36542,118458,18051,547.67,7.448,21.252,191.459,327.511,2997.306,632.921,2051.735,312.65,204671,3544.975,legacy
MASSACHUSETTS,2010,6547629,30553,210,1745,6874,21724,153905,37767,104685,11453,466.627,3.207,26.651,104.985,331.784,2350.546,576.804,1598.823,174.918,184458,2817.172,legacy
MICHIGAN,2010,9883640,48460,567,4673,11493,31727,268201,73868,166980,27353,490.305,5.737,47.28,116.283,321.005,2713.585,747.376,1689.459,276.75,316661,3203.89,legacy
MINNESOTA,2010,5303925,12515,96,1798,3388,7233,136431,24415,103429,8587,235.957,1.81,33.899,63.877,136.371,2572.265,460.319,1950.046,161.899,148946,2808.222,legacy
MISSISSIPPI,2010,2967297,8003,208,927,2779,4089,88574,30444,52770,5360,269.707,7.01,31.241,93.654,137.802,2985.006,1025.984,1778.386,180.636,96577,3254.713,legacy
MISSOURI,2010,5988927,27252,420,1432,6132,19268,200414,44043,140320,16051,455.04,7.013,23.911,102.389,321.727,3346.409,735.407,2342.991,268.011,227666,3801.449,legacy
MONTANA,2010,989415,2693,26,321,157,2189,25169,3654,19989,1526,272.181,2.628,32.443,15.868,221.242,2543.826,369.309,2020.285,154.233,27862,2816.007,legacy
NEBRASKA,2010,1826341,5104,54,672,1025,3353,48821,8326,36881,3614,279.466,2.957,36.795,56.123,183.591,2673.159,455.884,2019.393,197.882,53925,2952.625,legacy
NEVADA,2010,2700551,17841,158,965,5298,11420,74932,22226,42521,10185,660.643,5.851,35.733,196.182,422.877,2774.693,823.017,1574.531,377.145,92773,3435.336,legacy
NEW HAMPSHIRE,2010,1316470,2198,13,412,451,1322,28782,5441,22373,968,166.962,0.987,31.296,34.258,100.42,2186.301,413.302,1699.469,73.53,30980,2353.263,legacy
NEW JERSEY,2010,8791894,27055,371,981,11818,13885,183042,38732,128754,15556,307.727,4.22,11.158,134.419,157.93,2081.94,440.542,1464.463,176.936,210097,2389.667,legacy
NEW MEXICO,2010,2059179,12126,142,958,1614,9412,70742,21014,44481,5247,588.875,6.896,46.523,78.381,457.075,3435.447,1020.504,2160.133,254.81,82868,4024.322,legacy
NEW YORK,2010,19378102,75977,866,2771,28473,43867,376161,64973,290755,20433,392.077,4.469,14.3,146.934,226.374,1941.165,335.291,1500.431,105.444,452138,2333.242,legacy
NORTH CAROLINA,2010,9535483,34653,476,2013,9610,22554,328719,102690,207719,18310,363.411,4.992,21.111,100.781,236.527,3447.324,1076.925,2178.379,192.02,363372,3810.735,legacy
NORTH DAKOTA,2010,672591,1513,10,237,90,1176,11895,1966,9070,859,224.951,1.487,35.237,13.381,174.846,1768.534,292.302,1348.516,127.715,13408,1993.485,legacy
OHIO,2010,11536504,36366,476,3699,16479,15712,374381,106521,246742,21118,315.225,4.126,32.063,142.842,136.194,3245.186,923.339,2138.794,183.054,410747,3560.411,legacy
OKLAHOMA,2010,3751351,17987,195,1450,3337,13005,128126,37476,80460,10190,479.481,5.198,38.653,88.955,346.675,3415.463,999,2144.827,271.635,146113,3894.943,legacy
OREGON,2010,3831074,9655,91,1214,2390,5960,115428,19637,86879,8912,252.018,2.375,31.688,62.385,155.57,3012.941,512.572,2267.745,232.624,125083,3264.959,legacy
PENNSYLVANIA,2010,12702379,46514,657,3415,16362,26080,276023,55171,204183,16669,366.183,5.172,26.885,128.811,205.316,2173.002,434.336,1607.439,131.227,322537,2539.186,legacy
RHODE ISLAND,2010,1052567,2701,29,296,780,1596,26910,6121,18390,2399,256.611,2.755,28.122,74.105,151.629,2556.607,581.531,1747.157,227.919,29611,2813.218,legacy
SOUTH CAROLINA,2010,4625364,27648,280,1466,4982,20920,180407,46156,121054,13197,597.748,6.054,31.695,107.71,452.289,3900.385,997.889,2617.178,285.318,208055,4498.132,legacy
SOUTH DAKOTA,2010,814180,2186,23,390,154,1619,15082,3181,11106,795,268.491,2.825,47.901,18.915,198.85,1852.416,390.7,1364.072,97.644,17268,2120.907,legacy
TENNESSEE,2010,6346105,38921,357,2138,8366,28060,232132,64235,153062,14835,613.305,5.625,33.69,131.829,442.161,3657.866,1012.196,2411.905,233.765,271053,4271.171,legacy
TEXAS,2010,25145561,113231,1249,7622,32843,71517,951246,228597,654626,68023,450.302,4.967,30.312,130.612,284.412,3782.958,909.095,2603.346,270.517,1064477,4233.26,legacy
UTAH,2010,2763885,5879,53,948,1268,3610,87880,15017,66914,5949,212.708,1.918,34.3,45.877,130.613,3179.582,543.329,2421.012,215.241,93759,3392.29,legacy
VERMONT,2010,625741,815,7,132,74,602,14281,3366,10474,441,130.246,1.119,21.095,11.826,96.206,2282.254,537.922,1673.855,70.476,15096,2412.5,legacy
VIRGINIA,2010,8001024,17087,369,1532,5657,9529,186196,30629,145019,10548,213.56,4.612,19.148,70.703,119.097,2327.152,382.813,1812.505,131.833,203283,2540.712,legacy
WASHINGTON,2010,6724540,21101,152,2562,5929,12458,249253,55164,168360,25729,313.791,2.26,38.099,88.17,185.262,3706.618,820.339,2503.666,382.614,270354,4020.409,legacy
WEST VIRGINIA,2010,1852994,5830,62,354,828,4586,41500,10756,28383,2361,314.626,3.346,19.104,44.684,247.491,2239.619,580.466,1531.737,127.415,47330,2554.245,legacy
WISCONSIN,2010,5686986,14142,155,1187,4504,8296,142612,26566,107908,8138,248.673,2.726,20.872,79.198,145.877,2507.69,467.137,1897.455,143.099,156754,2756.363,legacy
WYOMING,2010,563626,1104,8,164,76,856,13874,2149,11134,591,195.875,1.419,29.097,13.484,151.874,2461.561,381.281,1975.423,104.857,14978,2657.436,legacy
ALABAMA,2011,4802740,20174,301,1371,4910,13592,173190,51117,111411,10662,420.052,6.267,28.546,102.233,283.005,3606.067,1064.33,2319.738,221.998,193364,4026.118,legacy
ALASKA,2011,722718,4383,29,420,576,3358,19028,2826,14859,1343,606.461,4.013,58.114,79.699,464.635,2632.839,391.024,2055.989,185.826,23411,3239.299,legacy
ARIZONA,2011,6482505,26311,405,2264,7127,16515,230422,54929,155664,19829,405.877,6.248,34.925,109.942,254.763,3554.521,847.342,2401.294,305.885,256733,3960.398,legacy
ARKANSAS,2011,2937979,14129,162,1213,2428,10326,110295,34471,70012,5812,480.909,5.514,41.287,82.642,351.466,3754.111,1173.29,2382.999,197.823,124424,4235.02,legacy
CALIFORNIA,2011,37691912,154944,1792,7663,54292,91197,973901,230090,596963,146848,411.08,4.754,20.331,144.042,241.954,2583.846,610.449,1583.796,389.601,1128845,2994.926,legacy
COLORADO,2011,5116796,16383,149,2278,3306,10650,133361,25768,96546,11047,320.181,2.912,44.52,64.611,208.138,2606.338,503.596,1886.845,215.897,149744,2926.519,legacy
CONNECTICUT,2011,3580709,9767,128,686,3677,5276,77609,15679,55218,6712,272.767,3.575,19.158,102.689,147.345,2167.42,437.874,1542.097,187.449,87376,2440.187,legacy
DELAWARE,2011,907135,5075,41,289,1538,3207,30939,7531,21878,1530,559.454,4.52,31.859,169.545,353.531,3410.628,830.196,2411.769,168.663,36014,3970.082,legacy
FLORIDA,2011,19057542,98199,984,5274,25622,66319,671200,170171,461408,39621,515.276,5.163,27.674,134.445,347.993,3521.965,892.933,2421.131,207.902,769399,4037.242,legacy
GEORGIA,2011,9815210,36634,554,2053,12148,21879,355952,95657,230820,29475,373.237,5.644,20.917,123.767,222.909,3626.535,974.579,2351.656,300.299,392586,3999.772,legacy
HAWAII,2011,1374810,3949,17,434,1042,2456,45889,10008,31697,4184,287.24,1.237,31.568,75.792,178.643,3337.843,727.955,2305.555,304.333,49838,3625.083,legacy
IDAHO,2011,1584985,3184,36,435,184,2529,32787,6920,24534,1333,200.885,2.271,27.445,11.609,159.56,2068.6,436.597,1547.901,84.102,35971,2269.485,legacy
ILLINOIS,2011,12869257,55247,721,3708,20254,30564,346025,77746,239510,28769,429.294,5.602,28.813,157.383,237.496,2688.772,604.122,1861.102,223.548,401272,3118.067,legacy
INDIANA,2011,6516922,21626,312,1757,6978,12579,206055,50551,140688,14816,331.844,4.788,26.961,107.075,193.021,3161.845,775.688,2158.811,227.347,227681,3493.689,legacy
IOWA,2011,3062309,7826,46,834,825,6121,71361,17400,50025,3936,255.559,1.502,27.234,26.94,199.882,2330.3,568.199,1633.571,128.53,79187,2585.859,legacy
KANSAS,2011,2871238,10162,110,1085,1459,7508,88438,18789,62972,6677,353.924,3.831,37.789,50.814,261.49,3080.135,654.387,2193.2,232.548,98600,3434.059,legacy
KENTUCKY,2011,4369356,10406,153,1463,3693,5097,118358,32553,79132,6673,238.159,3.502,33.483,84.52,116.653,2708.82,745.03,1811.068,152.723,128764,2946.979,legacy
LOUISIANA,2011,4574836,25406,513,1268,5239,18386,168744,46320,113301,9123,555.342,11.214,27.717,114.518,401.894,3688.526,1012.495,2476.613,199.417,194150,4243.868,legacy
MAINE,2011,1328188,1636,26,393,369,848,33809,7854,24877,1078,123.175,1.958,29.589,27.782,63.846,2545.498,591.332,1873.003,81.163,35445,2668.673,legacy
MARYLAND,2011,5828289,28797,398,1194,10343,16862,166699,35784,114847,16068,494.09,6.829,20.486,177.462,289.313,2860.17,613.971,1970.51,275.69,195496,3354.261,legacy
MASSACHUSETTS,2011,6587536,28219,185,1628,6768,19638,148790,36533,101471,10786,428.37,2.808,24.713,102.739,298.108,2258.659,554.578,1540.348,163.733,177009,2687.029,legacy
MICHIGAN,2011,9876187,43983,613,4347,10393,28630,257979,71596,160887,25496,445.344,6.207,44.015,105.233,289.889,2612.132,724.936,1629.04,258.156,301962,3057.476,legacy
MINNESOTA,2011,5344861,11825,74,1664,3386,6701,136264,25724,102358,8182,221.241,1.385,31.133,63.351,125.373,2549.44,481.285,1915.073,153.082,148089,2770.68,legacy
MISSISSIPPI,2011,2978512,8036,239,865,2492,4440,90115,30907,54283,4925,269.799,8.024,29.041,83.666,149.068,3025.504,1037.666,1822.487,165.351,98151,3295.303,legacy
MISSOURI,2011,6010688,26889,366,1458,6269,18796,198882,44822,138743,15317,447.353,6.089,24.257,104.298,312.71,3308.806,745.705,2308.272,254.829,225771,3756.159,legacy
MONTANA,2011,998199,2670,28,357,169,2116,23155,3390,18307,1458,267.482,2.805,35.764,16.93,211.982,2319.678,339.612,1834.003,146.063,25825,2587.159,legacy
NEBRASKA,2011,1842641,4665,67,695,997,2906,50726,8714,37909,4103,253.169,3.636,37.718,54.107,157.708,2752.897,472.908,2057.319,222.67,55391,3006.066,legacy
NEVADA,2011,2723322,15309,141,912,4299,9957,69731,20214,40032,9485,562.144,5.178,33.489,157.859,365.62,2560.512,742.255,1469.969,348.288,85040,3122.657,legacy
NEW HAMPSHIRE,2011,1318194,2478,17,429,474,1558,30106,5749,23383,974,187.984,1.29,32.545,35.958,118.192,2283.882,436.127,1773.866,73.889,32584,2471.867,legacy
NEW JERSEY,2011,8821155,27203,380,1006,12209,13608,189719,43238,129066,17415,308.384,4.308,11.404,138.406,154.266,2150.727,490.163,1463.142,197.423,216922,2459.111,legacy
NEW MEXICO,2011,2082224,11817,156,857,1722,9082,73534,21423,46703,5408,567.518,7.492,41.158,82.7,436.168,3531.512,1028.852,2242.938,259.722,85351,4099.031,legacy
NEW YORK,2011,19465197,77490,774,2752,28396,45568,372255,65397,287547,19311,398.095,3.976,14.138,145.881,234.1,1912.413,335.969,1477.237,99.208,449745,2310.508,legacy
NORTH CAROLINA,2011,9656401,33774,508,1995,9550,21721,340562,106144,217386,17032,349.758,5.261,20.66,98.898,224.939,3526.801,1099.209,2251.211,176.38,374336,3876.558,legacy
NORTH DAKOTA,2011,683932,1689,24,259,91,1315,13246,2433,9833,980,246.954,3.509,37.869,13.305,192.271,1936.742,355.737,1437.716,143.289,14935,2183.697,legacy
OHIO,2011,11544951,35484,513,3631,16057,15283,387297,112709,253520,21068,307.355,4.444,31.451,139.082,132.378,3354.687,976.262,2195.938,182.487,422781,3662.042,legacy
OKLAHOMA,2011,3791508,17243,208,1403,3282,12350,127252,36341,79880,11031,454.779,5.486,37.004,86.562,325.728,3356.237,958.484,2106.813,290.94,144495,3811.017,legacy
OREGON,2011,3871859,9586,82,1217,2222,6065,120594,20448,91099,9047,247.581,2.118,31.432,57.388,156.643,3114.628,528.118,2352.849,233.66,130180,3362.209,legacy
PENNSYLVANIA,2011,12742886,45240,637,3324,16131,25148,283179,57850,208485,16844,355.022,4.999,26.085,126.588,197.349,2222.252,453.979,1636.089,132.184,328419,2577.273,legacy
RHODE ISLAND,2011,1051302,2602,14,304,746,1538,28141,6964,18890,2287,247.503,1.332,28.917,70.96,146.295,2676.776,662.417,1796.82,217.54,30743,2924.279,legacy
SOUTH CAROLINA,2011,4679230,26760,320,1612,4313,20515,182685,46921,122100,13664,571.889,6.839,34.45,92.173,438.427,3904.168,1002.75,2609.404,292.014,209445,4476.057,legacy
SOUTH DAKOTA,2011,824082,2094,21,496,167,1410,14979,2899,11134,946,254.101,2.548,60.188,20.265,171.099,1817.659,351.785,1351.079,114.794,17073,2071.76,legacy
TENNESSEE,2011,6403353,38944,373,2024,8081,28466,230261,62749,153476,14036,608.181,5.825,31.608,126.2,444.548,3595.944,979.94,2396.807,219.198,269205,4204.126,legacy
TEXAS,2011,25674681,104873,1126,7439,28395,67913,891499,215223,612938,63338,408.469,4.386,28.974,110.595,264.514,3472.289,838.269,2387.325,246.694,996372,3880.757,legacy
UTAH,2011,2817222,5494,54,854,1081,3505,83758,13122,64453,6183,195.015,1.917,30.314,38.371,124.413,2973.071,465.778,2287.821,219.472,89252,3168.085,legacy
VERMONT,2011,626431,847,8,119,85,635,14464,3643,10322,499,135.21,1.277,18.997,13.569,101.368,2308.953,581.548,1647.747,79.658,15311,2444.164,legacy
VIRGINIA,2011,8096604,15923,303,1536,5430,8654,182141,30597,141820,9724,196.663,3.742,18.971,67.065,106.884,2249.597,377.899,1751.599,120.1,198064,2446.26,legacy
WASHINGTON,2011,6830038,20121,162,2290,5638,12031,244146,56532,162779,24835,294.596,2.372,33.528,82.547,176.148,3574.592,827.697,2383.281,363.614,264267,3869.188,legacy
WEST VIRGINIA,2011,1855364,5861,80,388,910,4483,42189,11192,28743,2254,315.895,4.312,20.912,49.047,241.624,2273.893,603.224,1549.184,121.486,48050,2589.788,legacy
WISCONSIN,2011,5711767,13532,136,1163,4469,7764,138949,26654,104063,8232,236.914,2.381,20.361,78.242,135.93,2432.68,466.651,1821.906,144.124,152481,2669.594,legacy
WYOMING,2011,568158,1246,18,146,71,1011,12877,1863,10493,521,219.305,3.168,25.697,12.497,177.943,2266.447,327.902,1846.845,91.7,14123,2485.752,legacy
ALABAMA,2012,4822023,21693,342,1296,5020,15035,168878,47481,111523,9874,449.873,7.092,26.877,104.106,311.799,3502.223,984.67,2312.784,204.769,190571,3952.096,legacy
ALASKA,2012,731449,4412,30,583,630,3169,20037,2950,15565,1522,603.186,4.101,79.705,86.13,433.25,2739.357,403.309,2127.968,208.08,24449,3342.543,legacy
ARIZONA,2012,6553255,28108,358,2277,7386,18087,231930,52934,159838,19158,428.917,5.463,34.746,112.707,276,3539.157,807.751,2439.063,292.343,260038,3968.074,legacy
ARKANSAS,2012,2949131,13835,173,1247,2320,10095,107941,31890,70327,5724,469.121,5.866,42.284,78.667,342.304,3660.095,1081.335,2384.669,194.091,121776,4129.216,legacy
CALIFORNIA,2012,38041430,160944,1884,7837,56521,94702,1049465,245767,635090,168608,423.076,4.952,20.601,148.577,248.944,2758.742,646.051,1669.469,443.222,1210409,3181.818,legacy
COLORADO,2012,5187582,16023,162,2113,3395,10353,139270,26157,101021,12092,308.872,3.123,40.732,65.445,199.573,2684.68,504.223,1947.362,233.095,155293,2993.553,legacy
CONNECTICUT,2012,3590347,10160,146,919,3687,5408,76834,14711,55674,6449,282.981,4.066,25.596,102.692,150.626,2140.016,409.738,1550.658,179.621,86994,2422.997,legacy
DELAWARE,2012,917092,5020,57,243,1492,3228,30639,7371,21832,1436,547.382,6.215,26.497,162.688,351.982,3340.886,803.736,2380.568,156.582,35659,3888.269,legacy
FLORIDA,2012,19317568,94087,1009,5260,23889,63929,632988,153563,442095,37330,487.054,5.223,27.229,123.665,330.937,3276.748,794.94,2288.564,193.244,727075,3763.802,legacy
GEORGIA,2012,9919945,37591,581,2124,12463,22423,338329,86789,223004,28536,378.944,5.857,21.411,125.636,226.04,3410.594,874.894,2248.037,287.663,375920,3789.537,legacy
HAWAII,2012,1392313,3330,29,285,1040,1976,42817,7979,31233,3605,239.17,2.083,20.47,74.696,141.922,3075.242,573.075,2243.246,258.922,46147,3314.413,legacy
IDAHO,2012,1595728,3318,29,479,243,2567,31651,7186,23101,1364,207.93,1.817,30.018,15.228,160.867,1983.483,450.327,1447.678,85.478,34969,2191.414,legacy
ILLINOIS,2012,12875255,53403,744,3570,19471,29618,332013,71101,235222,25690,414.772,5.779,27.728,151.228,230.038,2578.691,552.23,1826.931,199.53,385416,2993.463,legacy
INDIANA,2012,6537334,22602,310,1667,6598,14027,198032,47612,136759,13661,345.737,4.742,25.5,100.928,214.568,3029.247,728.309,2091.969,208.969,220634,3374.984,legacy
IOWA,2012,3074186,8112,45,871,962,6234,69839,17096,48720,4023,263.875,1.464,28.333,31.293,202.785,2271.788,556.115,1584.81,130.864,77951,2535.663,legacy
KANSAS,2012,2885905,10232,84,1053,1500,7595,90710,18767,65165,6778,354.551,2.911,36.488,51.977,263.176,3143.208,650.299,2258.044,234.866,100942,3497.759,legacy
KENTUCKY,2012,4380415,9752,195,1272,3535,4750,111826,29587,75571,6668,222.627,4.452,29.038,80.7,108.437,2552.863,675.438,1725.202,152.223,121578,2775.49,legacy
LOUISIANA,2012,4601893,22868,495,1158,5475,15740,162936,42140,112915,7881,496.926,10.756,25.164,118.973,342.033,3540.63,915.71,2453.664,171.256,185804,4037.556,legacy
MAINE,2012,1329192,1631,25,372,423,811,33361,7461,24905,995,122.706,1.881,27.987,31.824,61.015,2509.871,561.318,1873.695,74.858,34992,2632.577,legacy
MARYLAND,2012,5884563,28055,369,1235,10141,16310,162031,33732,113274,15025,476.756,6.271,20.987,172.332,277.166,2753.492,573.229,1924.935,255.329,190086,3230.248,legacy
MASSACHUSETTS,2012,6646144,26953,121,1642,6552,18638,143089,34540,99317,9232,405.543,1.821,24.706,98.583,280.433,2152.963,519.7,1494.355,138.908,170042,2558.506,legacy
MICHIGAN,2012,9883360,44922,689,4589,10434,29210,250101,65665,159321,25115,454.522,6.971,46.432,105.571,295.547,2530.526,664.4,1612.013,254.114,295023,2985.048,legacy
MINNESOTA,2012,5379139,12419,99,1638,3475,7207,138152,25378,104316,8458,230.873,1.84,30.451,64.601,133.981,2568.292,471.786,1939.269,157.237,150571,2799.165,legacy
MISSISSIPPI,2012,2984926,7786,220,822,2284,4460,83906,28076,51508,4322,260.844,7.37,27.538,76.518,149.417,2810.991,940.593,1725.604,144.794,91692,3071.835,legacy
MISSOURI,2012,6021988,27155,389,1511,5782,19473,199590,42466,140816,16308,450.931,6.46,25.091,96.015,323.365,3314.354,705.182,2338.364,270.808,226745,3765.285,legacy
MONTANA,2012,1005141,2736,27,379,191,2139,25970,3894,20387,1689,272.201,2.686,37.706,19.002,212.806,2583.717,387.408,2028.273,168.036,28706,2855.918,legacy
NEBRASKA,2012,1855525,4814,53,711,1130,2920,51118,8735,38236,4147,259.441,2.856,38.318,60.899,157.368,2754.908,470.756,2060.657,223.495,55932,3014.349,legacy
NEVADA,2012,2758931,16763,124,931,4918,10790,77510,22120,45372,10018,607.59,4.494,33.745,178.257,391.094,2809.421,801.76,1644.55,363.112,94273,3417.012,legacy
NEW HAMPSHIRE,2012,1320718,2481,15,449,472,1545,30693,5444,24226,1023,187.852,1.136,33.997,35.738,116.982,2323.963,412.2,1834.305,77.458,33174,2511.816,legacy
NEW JERSEY,2012,8864590,25727,388,1035,11385,12919,181481,42338,122662,16481,290.222,4.377,11.676,128.432,145.737,2047.258,477.608,1383.73,185.919,207208,2337.48,legacy
NEW MEXICO,2012,2085538,11660,116,957,1847,8740,75094,21384,48247,5463,559.088,5.562,45.887,88.562,419.077,3600.702,1025.347,2313.408,261.947,86754,4159.79,legacy
NEW YORK,2012,19570261,79610,684,2848,28655,47423,376140,64553,294239,17348,406.791,3.495,14.553,146.421,242.322,1921.998,329.853,1503.501,88.645,455750,2328.789,legacy
NORTH CAROLINA,2012,9752073,34464,479,1984,9392,22609,328594,99323,213151,16120,353.402,4.912,20.344,96.308,231.838,3369.478,1018.481,2185.699,165.298,363058,3722.88,legacy
NORTH DAKOTA,2012,699628,1712,28,272,131,1281,14063,2377,10535,1151,244.701,4.002,38.878,18.724,183.097,2010.068,339.752,1505.8,164.516,15775,2254.77,legacy
OHIO,2012,11544225,34595,495,3658,15235,15207,359883,103421,236950,19512,299.674,4.288,31.687,131.971,131.728,3117.429,895.868,2052.541,169.02,394478,3417.102,legacy
OKLAHOMA,2012,3814820,17902,216,1588,3231,12867,129743,35731,82448,11564,469.275,5.662,41.627,84.696,337.29,3401.025,936.637,2161.255,303.134,147645,3870.301,legacy
OREGON,2012,3899353,9653,92,1140,2413,6008,125723,21901,93619,10203,247.554,2.359,29.236,61.882,154.077,3224.202,561.657,2400.885,261.659,135376,3471.755,legacy
PENNSYLVANIA,2012,12763536,44503,685,3327,15673,24818,276496,56859,204609,15028,348.673,5.367,26.066,122.795,194.445,2166.296,445.48,1603.075,117.742,320999,2514.969,legacy
RHODE ISLAND,2012,1050292,2651,34,288,713,1616,27017,5949,18440,2628,252.406,3.237,27.421,67.886,153.862,2572.332,566.414,1755.702,250.216,29668,2824.738,legacy
SOUTH CAROLINA,2012,4723723,26397,324,1679,4489,19905,180550,45086,122263,13201,558.818,6.859,35.544,95.031,421.384,3822.197,954.459,2588.276,279.462,206947,4381.015,legacy
SOUTH DAKOTA,2012,833354,2682,25,585,158,1914,17168,3258,12845,1065,321.832,3,70.198,18.96,229.674,2060.109,390.95,1541.362,127.797,19850,2381.941,legacy
TENNESSEE,2012,6456243,41550,388,2032,8169,30961,217664,56181,148503,12980,643.563,6.01,31.473,126.529,479.551,3371.372,870.181,2300.146,201.046,259214,4014.936,legacy
TEXAS,2012,26059203,106476,1144,7711,30382,67239,876059,204810,606253,64996,408.593,4.39,29.59,116.588,258.024,3361.803,785.941,2326.445,249.417,982535,3770.395,legacy
UTAH,2012,2855287,5876,50,943,1100,3783,85424,12943,66482,5999,205.794,1.751,33.026,38.525,132.491,2991.783,453.299,2328.382,210.101,91300,3197.577,legacy
VERMONT,2012,626011,893,8,121,112,652,15016,3965,10616,435,142.649,1.278,19.329,17.891,104.152,2398.68,633.375,1695.817,69.488,15909,2541.329,legacy
VIRGINIA,2012,8185867,15564,314,1452,4706,9092,176985,29511,138398,9076,190.133,3.836,17.738,57.489,111.069,2162.08,360.512,1690.694,110.874,192549,2352.213,legacy
WASHINGTON,2012,6897012,20386,206,2193,5745,12242,252333,60725,165206,26402,295.577,2.987,31.796,83.297,177.497,3658.584,880.454,2395.327,382.803,272719,3954.162,legacy
WEST VIRGINIA,2012,1855413,5869,72,421,838,4538,43878,11291,30378,2209,316.318,3.881,22.69,45.165,244.582,2364.864,608.544,1637.264,119.057,49747,2681.182,legacy
WISCONSIN,2012,5726398,16064,173,1219,4622,10050,140513,27945,104352,8216,280.525,3.021,21.287,80.714,175.503,2453.776,488.003,1822.297,143.476,156577,2734.302,legacy
WYOMING,2012,576412,1161,14,154,61,932,13222,2125,10513,584,201.418,2.429,26.717,10.583,161.69,2293.845,368.66,1823.869,101.316,14383,2495.264,legacy
ALABAMA,2013,4833722,20826,347,2044,1428,4648,13787,161993,42429,108993,430.848,7.179,42.286,29.542,96.158,285.225,3351.31,877.771,2254.846,34613,716.073,revised
ALASKA,2013,735132,4708,34,922,644,624,3128,21210,2916,16599,640.429,4.625,125.42,87.603,84.883,425.502,2885.196,396.663,2257.962,7836,1065.931,revised
ARIZONA,2013,6626624,27599,357,3050,2343,6702,17490,225243,48533,159272,416.487,5.387,46.026,35.357,101.137,263.935,3399.061,732.394,2403.516,45089,680.422,revised
ARKANSAS,2013,2959373,13621,159,1423,993,2258,9781,106613,30485,70450,460.266,5.373,48.085,33.554,76.3,330.509,3602.554,1030.117,2380.572,23402,790.776,revised
CALIFORNIA,2013,38332521,154129,1746,9714,7464,53640,89029,1018907,232058,621557,402.084,4.555,25.341,19.472,139.933,232.254,2658.075,605.382,1621.487,243158,634.339,revised
COLORADO,2013,5268367,16226,178,2934,2050,3151,9963,140057,25081,102443,307.989,3.379,55.691,38.911,59.81,189.11,2658.452,476.068,1944.492,26189,497.099,revised
CONNECTICUT,2013,3596080,9440,86,955,668,3530,4869,70990,12892,51876,262.508,2.391,26.557,18.576,98.162,135.397,1974.094,358.501,1442.571,14309,397.905,revised
DELAWARE,2013,925749,4549,39,380,266,1226,2904,28379,6131,20916,491.386,4.213,41.048,28.733,132.433,313.692,3065.518,662.275,2259.36,7453,805.078,revised
FLORIDA,2013,19552860,91986,972,6760,4722,23200,61054,607172,138916,433344,470.448,4.971,34.573,24.15,118.653,312.251,3105.285,710.464,2216.269,153040,782.699,revised
GEORGIA,2013,9992167,36541,556,2582,1984,12488,20915,334399,82258,225315,365.696,5.564,25.84,19.856,124.978,209.314,3346.611,823.225,2254.916,57456,575.01,revised
HAWAII,2013,1404054,3533,21,385,296,1131,1996,42875,7533,31658,251.628,1.496,27.421,21.082,80.552,142.16,3053.657,536.518,2254.757,5529,393.788,revised
IDAHO,2013,1612136,3498,27,655,457,220,2596,30055,6640,21879,216.979,1.675,40.629,28.347,13.646,161.029,1864.297,411.876,1357.144,6094,378.008,revised
ILLINOIS,2013,12882135,48974,706,4263,3276,17722,26283,292983,58237,213813,380.17,5.48,33.092,25.431,137.57,204.027,2274.336,452.076,1659.764,75257,584.197,revised
INDIANA,2013,6570902,23487,355,2142,1646,7108,13882,187536,42909,130423,357.44,5.403,32.598,25.05,108.174,211.265,2854.037,653.015,1984.857,37369,568.704,revised
IOWA,2013,3090416,8388,43,1083,757,939,6323,67800,15868,47686,271.42,1.391,35.044,24.495,30.384,204.6,2193.879,513.458,1543.029,14711,476.02,revised
KANSAS,2013,2893957,9838,112,1195,835,1350,7181,85280,17375,61264,339.95,3.87,41.293,28.853,46.649,248.138,2946.83,600.389,2116.963,17019,588.088,revised
KENTUCKY,2013,4395295,9222,167,1611,1126,3246,4198,103857,26213,71612,209.815,3.8,36.653,25.618,73.852,95.511,2362.913,596.388,1629.288,13420,305.326,revised
LOUISIANA,2013,4625470,23984,498,1619,1244,5548,16319,165686,41184,115342,518.52,10.766,35.002,26.895,119.945,352.807,3582.036,890.374,2493.628,40303,871.328,revised
MAINE,2013,1328302,1718,24,447,344,335,912,30447,6483,23050,129.338,1.807,33.652,25.898,25.22,68.659,2292.175,488.067,1735.298,2630,197.997,revised
MARYLAND,2013,5928814,28089,381,1532,1177,10048,16128,157913,31949,112546,473.771,6.426,25.84,19.852,169.477,272.027,2663.484,538.877,1898.289,44217,745.798,revised
MASSACHUSETTS,2013,6692824,27667,137,2718,2089,6706,18106,137285,30735,97428,413.383,2.047,40.611,31.213,100.197,270.529,2051.227,459.223,1455.708,45773,683.912,revised
MICHIGAN,2013,9895622,44523,631,6593,4606,10105,27194,230334,56344,149423,449.926,6.377,66.625,46.546,102.116,274.808,2327.635,569.383,1509.991,71717,724.735,revised
MINNESOTA,2013,5420380,12705,114,2008,1403,3674,6909,131195,22713,100516,234.393,2.103,37.045,25.884,67.781,127.463,2420.402,419.03,1854.409,19614,361.857,revised
MISSISSIPPI,2013,2991207,8214,195,930,715,2409,4680,81500,24995,52117,274.605,6.519,31.091,23.903,80.536,156.459,2724.653,835.616,1742.34,12894,431.063,revised
MISSOURI,2013,6044171,26197,371,2287,1599,5484,18055,189606,38865,134416,433.426,6.138,37.838,26.455,90.732,298.718,3137.006,643.016,2223.895,44252,732.143,revised
MONTANA,2013,1015165,2567,22,410,287,204,1931,25953,4064,20039,252.865,2.167,40.388,28.271,20.095,190.215,2556.53,400.329,1973.965,4498,443.081,revised
NEBRASKA,2013,1868516,4897,57,801,616,1040,2999,49018,8900,35655,262.08,3.051,42.868,32.967,55.659,160.502,2623.365,476.314,1908.199,7896,422.581,revised
NEVADA,2013,2790136,16824,163,1418,1090,5183,10060,79177,23047,46132,602.981,5.842,50.822,39.066,185.762,360.556,2837.747,826.017,1653.396,26884,963.537,revised
NEW HAMPSHIRE,2013,1323459,2849,22,686,479,649,1492,29040,4936,23164,215.269,1.662,51.834,36.193,49.038,112.735,2194.25,372.962,1750.262,4341,328.004,revised
NEW JERSEY,2013,8899339,25674,401,1120,861,12082,12071,167556,35873,117936,288.493,4.506,12.585,9.675,135.763,135.639,1882.792,403.097,1325.222,37745,424.133,revised
NEW MEXICO,2013,2085287,12782,125,1465,1126,1810,9382,77256,21476,49875,612.961,5.994,70.254,53.997,86.799,449.914,3704.814,1029.882,2391.757,22164,1062.875,revised
NEW YORK,2013,19651127,77372,648,3353,2577,27241,46130,358598,56442,286674,393.728,3.298,17.063,13.114,138.623,234.745,1824.822,287.22,1458.817,123502,628.473,revised
NORTH CAROLINA,2013,9848060,33700,469,2369,1821,9349,21513,308049,90702,202741,342.199,4.762,24.055,18.491,94.932,218.449,3128.017,921.014,2058.69,55213,560.648,revised
NORTH DAKOTA,2013,723393,1954,16,330,230,162,1446,15148,2934,10798,270.116,2.212,45.618,31.795,22.394,199.891,2094.021,405.589,1492.688,3400,470.007,revised
OHIO,2013,11570808,33121,455,4041,2824,14368,14257,338731,91433,227766,286.246,3.932,34.924,24.406,124.175,123.215,2927.462,790.204,1968.454,47378,409.461,revised
OKLAHOMA,2013,3850568,16989,195,2180,1675,3031,11583,126057,33348,81495,441.208,5.064,56.615,43.5,78.716,300.813,3273.725,866.054,2116.441,28572,742.02,revised
OREGON,2013,3930065,9984,80,1897,1459,2397,5610,124737,20769,94106,254.042,2.036,48.269,37.124,60.991,142.746,3173.917,528.465,2394.515,15594,396.787,revised
PENNSYLVANIA,2013,12773801,42849,594,3774,2638,14762,23719,263240,52034,197436,335.444,4.65,29.545,20.652,115.565,185.685,2060.78,407.349,1545.632,66568,521.129,revised
RHODE ISLAND,2013,1051511,2705,31,440,307,684,1550,25678,5607,17838,257.249,2.948,41.845,29.196,65.049,147.407,2442.01,533.233,1696.416,4255,404.656,revised
SOUTH CAROLINA,2013,4774839,24278,297,2171,1518,3972,17838,173049,40958,119511,508.457,6.22,45.468,31.792,83.186,373.583,3624.185,857.788,2502.933,42116,882.04,revised
SOUTH DAKOTA,2013,844877,2674,20,499,349,159,1996,16177,3372,11867,316.496,2.367,59.062,41.308,18.819,236.247,1914.717,399.111,1404.583,4670,552.743,revised
TENNESSEE,2013,6495978,38364,328,2351,1642,7307,28378,206629,50999,143802,590.581,5.049,36.192,25.277,112.485,436.855,3180.876,785.086,2213.708,66742,1027.436,revised
TEXAS,2013,26448193,107998,1139,9766,7504,31801,65292,861734,190898,605091,408.338,4.307,36.925,28.372,120.239,246.868,3258.196,721.781,2287.835,173290,655.205,revised
UTAH,2013,2900872,6498,49,1422,994,1243,3784,85586,13333,64788,224.002,1.689,49.02,34.266,42.849,130.444,2950.354,459.62,2233.397,10282,354.445,revised
VERMONT,2013,626630,759,10,130,91,73,546,13875,3313,10228,121.124,1.596,20.746,14.522,11.65,87.133,2214.225,528.701,1632.223,1305,208.257,revised
VIRGINIA,2013,8260405,16205,316,2262,1581,4565,9062,170654,26640,135478,196.177,3.825,27.384,19.139,55.264,109.704,2065.928,322.502,1640.089,25267,305.881,revised
WASHINGTON,2013,6971406,20153,160,2573,1797,5819,11601,258662,58353,171910,289.081,2.295,36.908,25.777,83.47,166.408,3710.328,837.033,2465.93,31754,455.489,revised
WEST VIRGINIA,2013,1854304,5568,61,653,456,651,4203,39013,9674,27423,300.274,3.29,35.215,24.591,35.108,226.662,2103.916,521.705,1478.884,9771,526.936,revised
WISCONSIN,2013,5742713,15961,162,1687,1296,4834,9278,125688,24347,93953,277.935,2.821,29.376,22.568,84.176,161.561,2188.652,423.963,1636.039,25239,439.496,revised
WYOMING,2013,582658,1195,17,187,144,75,916,12809,1955,10276,205.095,2.918,32.094,24.714,12.872,157.211,2198.374,335.531,1763.642,2111,362.305,revised
ALABAMA,2014,4849377,20727,276,2005,1436,4701,13745,154094,39715,104238,427.416,5.691,41.346,29.612,96.94,283.438,3177.604,818.971,2149.513,34472,710.854,revised
ALASKA,2014,736732,4684,41,771,555,629,3243,20334,3150,15445,635.781,5.565,104.651,75.333,85.377,440.187,2760.027,427.564,2096.42,7927,1075.968,revised
ARIZONA,2014,6731484,26916,319,3378,2464,6249,16970,215240,43562,154091,399.852,4.739,50.182,36.604,92.832,252.099,3197.512,647.138,2289.109,43886,651.951,revised
ARKANSAS,2014,2966369,14243,165,1763,1182,2050,10265,99018,24790,68627,480.149,5.562,59.433,39.847,69.108,346.046,3338.02,835.702,2313.502,24508,826.195,revised
CALIFORNIA,2014,38802500,153709,1699,11527,8398,48680,91803,947192,202670,592670,396.132,4.379,29.707,21.643,125.456,236.59,2441.059,522.312,1527.402,245512,632.722,revised
COLORADO,2014,5355866,16554,151,3039,2121,3039,10325,135510,23472,99464,309.082,2.819,56.742,39.601,56.742,192.779,2530.123,438.248,1857.104,26879,501.861,revised
CONNECTICUT,2014,3596677,8522,86,782,571,3159,4495,69070,11955,51005,236.941,2.391,21.742,15.876,87.831,124.976,1920.384,332.39,1418.115,13017,361.917,revised
DELAWARE,2014,935614,4576,54,386,249,1269,2867,27900,5768,20865,489.091,5.772,41.256,26.614,135.633,306.43,2981.999,616.494,2230.086,7443,795.52,revised
FLORIDA,2014,19893297,107521,1149,8563,6051,24914,72895,679446,143220,493647,540.489,5.776,43.045,30.417,125.238,366.43,3415.452,719.941,2481.474,180416,906.919,revised
GEORGIA,2014,10097343,38097,580,3048,2159,12417,22052,331316,76428,228034,377.297,5.744,30.186,21.382,122.973,218.394,3281.22,756.912,2258.356,60149,595.691,revised
HAWAII,2014,1419561,3680,26,445,314,1107,2102,43297,7778,31640,259.235,1.832,31.348,22.12,77.982,148.074,3050.027,547.916,2228.858,5782,407.309,revised
IDAHO,2014,1634464,3468,32,609,468,204,2623,30316,6428,22227,212.18,1.958,37.26,28.633,12.481,160.481,1854.798,393.279,1359.895,6091,372.66,revised
ILLINOIS,2014,12880580,47663,685,4159,3081,15299,27520,267385,50008,199926,370.038,5.318,32.289,23.92,118.776,213.655,2075.877,388.243,1552.151,75183,583.693,revised
INDIANA,2014,6596855,24099,330,2186,1615,6897,14686,174776,36893,124022,365.31,5.002,33.137,24.481,104.55,222.621,2649.384,559.251,1880.017,38785,587.932,revised
IOWA,2014,3107126,8497,60,1128,828,1045,6264,65056,14428,46477,273.468,1.931,36.304,26.648,33.632,201.601,2093.768,464.352,1495.82,14761,475.069,revised
KANSAS,2014,2904021,10123,91,1411,1075,1362,7259,79431,15828,56697,348.586,3.134,48.588,37.018,46.9,249.964,2735.207,545.037,1952.362,17382,598.549,revised
KENTUCKY,2014,4413457,9340,160,1440,883,3336,4404,99166,23244,69604,211.625,3.625,32.627,20.007,75.587,99.786,2246.901,526.662,1577.086,13744,311.411,revised
LOUISIANA,2014,4649676,23934,477,1375,992,5695,16387,160824,38337,112596,514.746,10.259,29.572,21.335,122.482,352.433,3458.822,824.509,2421.588,40321,867.179,revised
MAINE,2014,1330089,1700,21,485,360,304,890,26421,5030,20592,127.811,1.579,36.464,27.066,22.856,66.913,1986.408,378.17,1548.167,2590,194.724,revised
MARYLAND,2014,5976407,26661,365,1619,1144,9544,15133,149859,28012,108745,446.104,6.107,27.09,19.142,159.695,253.212,2507.51,468.71,1819.572,41794,699.316,revised
MASSACHUSETTS,2014,6745408,26399,132,2180,1629,6036,18051,125267,24964,92043,391.363,1.957,32.318,24.15,89.483,267.604,1857.071,370.089,1364.528,44450,658.967,revised
MICHIGAN,2014,9909877,42348,535,6273,4049,8021,27519,202547,44184,137206,427.331,5.399,63.3,40.858,80.939,277.693,2043.89,445.858,1384.538,69867,705.024,revised
MINNESOTA,2014,5457173,12505,88,2001,1452,3687,6729,125377,20773,96237,229.148,1.613,36.667,26.607,67.562,123.306,2297.472,380.655,1763.495,19234,352.454,revised
MISSISSIPPI,2014,2994079,8338,258,1058,764,2430,4592,87462,24352,58591,278.483,8.617,35.336,25.517,81.16,153.369,2921.165,813.339,1956.896,12930,431.852,revised
MISSOURI,2014,6063589,26856,403,2379,1706,5592,18482,176237,35258,124622,442.906,6.646,39.234,28.135,92.223,304.803,2906.48,581.471,2055.251,45338,747.709,revised
MONTANA,2014,1023579,3313,37,541,430,203,2532,25312,3595,19674,323.668,3.615,52.854,42.009,19.832,247.367,2472.892,351.219,1922.079,5845,571.036,revised
NEBRASKA,2014,1881503,5275,54,862,620,1043,3316,47479,7950,35074,280.361,2.87,45.814,32.952,55.434,176.242,2523.461,422.535,1864.148,8591,456.603,revised
NEVADA,2014,2839099,18045,170,1357,995,5954,10564,74538,21927,42426,635.589,5.988,47.797,35.046,209.714,372.09,2625.41,772.322,1494.347,28609,1007.679,revised
NEW HAMPSHIRE,2014,1326813,2602,12,594,458,537,1459,26041,4162,21022,196.109,0.904,44.769,34.519,40.473,109.963,1962.673,313.684,1584.398,4061,306.072,revised
NEW JERSEY,2014,8938175,23346,349,1274,953,10498,11225,154993,31710,111578,261.194,3.905,14.253,10.662,117.451,125.585,1734.056,354.77,1248.331,34571,386.779,revised
NEW MEXICO,2014,2085572,12459,101,1475,1071,2086,8797,73877,18505,49082,597.39,4.843,70.724,51.353,100.021,421.803,3542.29,887.287,2353.407,21256,1019.193,revised
NEW YORK,2014,19746227,75398,617,5433,3918,24045,45303,339282,50781,272765,381.835,3.125,27.514,19.842,121.77,229.426,1718.212,257.168,1381.352,120701,611.261,revised
NORTH CAROLINA,2014,9943964,32767,510,2420,1740,8416,21421,285697,79373,192694,329.516,5.129,24.336,17.498,84.634,215.417,2873.07,798.203,1937.799,54188,544.934,revised
NORTH DAKOTA,2014,739482,1960,22,358,276,173,1407,15605,2707,11384,265.05,2.975,48.412,37.323,23.395,190.268,2110.261,366.067,1539.456,3367,455.319,revised
OHIO,2014,11594163,33030,464,5042,4097,12753,14771,324528,78845,227668,284.885,4.002,43.487,35.337,109.995,127.4,2799.064,680.04,1963.643,47801,412.285,revised
OKLAHOMA,2014,3878051,15744,175,1777,1277,3048,10744,115982,29508,75891,405.977,4.513,45.822,32.929,78.596,277.046,2990.729,760.898,1956.937,26488,683.024,revised
OREGON,2014,3970239,9224,81,1458,1052,2093,5592,114305,17230,87526,232.329,2.04,36.723,26.497,52.717,140.848,2879.046,433.979,2204.552,14816,373.177,revised
PENNSYLVANIA,2014,12787209,40164,614,3827,2787,13534,22189,247016,45720,188256,314.095,4.802,29.928,21.795,105.84,173.525,1931.743,357.545,1472.221,62353,487.62,revised
RHODE ISLAND,2014,1055173,2313,25,361,253,529,1398,22935,4823,16279,219.206,2.369,34.212,23.977,50.134,132.49,2173.577,457.081,1542.78,3711,351.696,revised
SOUTH CAROLINA,2014,4832482,24052,311,2068,1480,3997,17676,167217,36721,117594,497.715,6.436,42.794,30.626,82.711,365.775,3460.272,759.879,2433.408,41728,863.49,revised
SOUTH DAKOTA,2014,853175,2786,20,470,413,200,2096,15902,2818,12077,326.545,2.344,55.088,48.407,23.442,245.671,1863.861,330.296,1415.536,4882,572.216,revised
TENNESSEE,2014,6549352,39848,371,2531,1861,7265,29681,200447,46642,141206,608.427,5.665,38.645,28.415,110.927,453.19,3060.562,712.162,2156.03,69529,1061.616,revised
TEXAS,2014,26956958,109414,1184,11393,8236,31181,65656,813934,169234,576154,405.884,4.392,42.264,30.552,115.67,243.559,3019.384,627.793,2137.311,175070,649.443,revised
UTAH,2014,2942902,6346,67,1454,945,1312,3513,84711,11518,65895,215.637,2.277,49.407,32.111,44.582,119.372,2878.485,391.382,2239.116,9859,335.009,revised
VERMONT,2014,626562,622,10,110,99,70,432,9551,2034,7273,99.272,1.596,17.556,15.801,11.172,68.948,1524.35,324.629,1160.779,1054,168.22,revised
VIRGINIA,2014,8326289,16340,338,2310,1432,4292,9400,160720,23122,129933,196.246,4.059,27.743,17.199,51.548,112.895,1930.272,277.699,1560.515,25740,309.141,revised
WASHINGTON,2014,7061530,20136,174,2695,2171,5640,11627,261706,55290,175769,285.151,2.464,38.165,30.744,79.869,164.653,3706.081,782.975,2489.106,31763,449.803,revised
WEST VIRGINIA,2014,1850326,5588,74,505,285,651,4358,37648,8973,26779,302.001,3.999,27.292,15.403,35.183,235.526,2034.668,484.942,1447.258,9946,537.527,revised
WISCONSIN,2014,5757564,16714,165,1674,1168,5066,9809,120238,21216,89103,290.296,2.866,29.075,20.286,87.989,170.367,2088.348,368.489,1547.582,26523,460.664,revised
WYOMING,2014,584153,1142,16,174,126,53,899,11477,1689,9185,195.497,2.739,29.787,21.57,9.073,153.898,1964.725,289.137,1572.362,2041,349.395,revised
ALABAMA,2015,4858979,22952,348,2039,1456,4611,15954,144746,35255,99156,472.363,7.162,41.964,29.965,94.896,328.341,2978.939,725.564,2040.676,38906,800.703,revised
ALASKA,2015,738432,5392,59,901,650,761,3671,20806,3511,15249,730.196,7.99,122.015,88.024,103.056,497.134,2817.592,475.467,2065.051,9063,1227.33,revised
ARIZONA,2015,6828065,28012,309,3108,2294,6360,18235,207107,37957,152365,410.248,4.525,45.518,33.597,93.145,267.06,3033.173,555.897,2231.452,46247,677.308,revised
ARKANSAS,2015,2978204,15526,181,1931,1300,2098,11316,96836,22640,68424,521.321,6.077,64.838,43.65,70.445,379.961,3251.49,760.19,2297.492,26842,901.281,revised
CALIFORNIA,2015,39144818,166883,1861,12811,9387,52862,99349,1024914,197404,656517,426.322,4.754,32.727,23.98,135.042,253.799,2618.262,504.292,1677.149,266232,680.121,revised
COLORADO,2015,5456574,17515,176,3257,2377,3323,10759,144136,23454,104682,320.989,3.225,59.689,43.562,60.899,197.175,2641.511,429.83,1918.457,28274,518.164,revised
CONNECTICUT,2015,3590886,7845,117,773,582,2892,4063,65066,10053,48675,218.47,3.258,21.527,16.208,80.537,113.148,1811.976,279.959,1355.515,11908,331.617,revised
DELAWARE,2015,945934,4720,63,341,243,1235,3081,25455,4773,19501,498.978,6.66,36.049,25.689,130.559,325.71,2690.991,504.581,2061.56,7801,824.688,revised
FLORIDA,2015,20271272,93626,1041,7553,5430,21137,63895,570270,109268,420341,461.865,5.135,37.26,26.787,104.271,315.2,2813.193,539.029,2073.58,157521,777.065,revised
GEORGIA,2015,10214860,38643,615,3224,2296,12247,22557,308723,66374,215867,378.302,6.021,31.562,22.477,119.894,220.825,3022.293,649.779,2113.264,61200,599.127,revised
HAWAII,2015,1431603,4201,19,561,400,1203,2418,54346,6557,42010,293.447,1.327,39.187,27.941,84.032,168.902,3796.164,458.018,2934.473,6619,462.349,revised
IDAHO,2015,1654930,3568,32,694,533,192,2650,28858,6124,20863,215.598,1.934,41.935,32.207,11.602,160.128,1743.76,370.046,1260.658,6218,375.726,revised
ILLINOIS,2015,12859995,49354,744,4821,3549,14910,28879,255729,46443,191634,383.779,5.785,37.488,27.597,115.941,224.565,1988.562,361.143,1490.156,78233,608.344,revised
INDIANA,2015,6619680,25653,373,2404,1789,7111,15765,171847,34410,123918,387.526,5.635,36.316,27.025,107.422,238.154,2596.002,519.814,1871.964,41418,625.68,revised
IOWA,2015,3123899,8936,72,1156,851,1047,6661,63957,14892,44723,286.053,2.305,37.005,27.242,33.516,213.227,2047.345,476.712,1431.64,15597,499.28,revised
KANSAS,2015,2911641,11353,128,1615,1251,1818,7792,79199,15362,56880,389.918,4.396,55.467,42.965,62.439,267.615,2720.081,527.606,1953.538,19145,657.533,revised
KENTUCKY,2015,4425092,9676,209,1492,997,3307,4668,96362,22260,66320,218.662,4.723,33.717,22.531,74.733,105.489,2177.627,503.04,1498.726,14344,324.151,revised
LOUISIANA,2015,4670724,25208,481,1723,1260,5550,17454,156629,35453,111435,539.702,10.298,36.889,26.977,118.825,373.689,3353.42,759.047,2385.819,42662,913.392,revised
MAINE,2015,1329328,1729,23,474,354,311,921,24327,4684,18829,130.066,1.73,35.657,26.63,23.395,69.283,1830.022,352.358,1416.43,2650,199.349,revised
MARYLAND,2015,6006401,27462,516,1666,1184,9863,15417,139048,25678,100219,457.212,8.591,27.737,19.712,164.208,256.676,2314.997,427.511,1668.537,42879,713.888,revised
MASSACHUSETTS,2015,6794422,26562,128,2075,1608,5288,19071,114871,21890,84912,390.938,1.884,30.54,23.666,77.829,280.686,1690.666,322.176,1249.731,45633,671.624,revised
MICHIGAN,2015,9922576,41231,571,6450,4163,7796,26414,187101,40041,131296,415.527,5.755,65.003,41.955,78.568,266.201,1885.609,403.534,1323.205,67645,681.728,revised
MINNESOTA,2015,5489594,13319,133,2321,1686,3771,7094,121984,19299,94704,242.623,2.423,42.28,30.713,68.694,129.226,2222.095,351.556,1725.155,20413,371.849,revised
MISSISSIPPI,2015,2992333,8254,259,1203,862,2294,4498,84790,24799,55748,275.838,8.655,40.203,28.807,76.663,150.317,2833.575,828.751,1863.028,12752,426.156,revised
MISSOURI,2015,6083672,30261,502,2553,1854,6376,20830,173642,34006,122637,497.413,8.252,41.965,30.475,104.805,342.392,2854.23,558.972,2015.838,51091,839.805,revised
MONTANA,2015,1032949,3611,36,547,431,210,2818,27100,3838,20844,349.582,3.485,52.955,41.725,20.33,272.811,2623.556,371.558,2017.912,6429,622.393,revised
NEBRASKA,2015,1896190,5212,62,873,652,994,3283,42495,6422,32072,274.867,3.27,46.04,34.385,52.421,173.137,2241.073,338.679,1691.392,8495,448.004,revised
NEVADA,2015,2890845,20118,178,1688,1238,6287,11965,77137,22360,43426,695.921,6.157,58.391,42.825,217.48,413.893,2668.32,773.476,1502.191,32083,1109.814,revised
NEW HAMPSHIRE,2015,1330608,2652,14,627,461,468,1543,23229,3467,18871,199.307,1.052,47.121,34.646,35.172,115.962,1745.743,260.558,1418.224,4195,315.269,revised
NEW JERSEY,2015,8958013,22879,363,1373,1019,9729,11414,145701,27960,105963,255.403,4.052,15.327,11.375,108.607,127.417,1626.488,312.123,1182.885,34293,382.819,revised
NEW MEXICO,2015,2085109,13681,117,1672,1215,2485,9407,77094,17085,51483,656.129,5.611,80.188,58.27,119.178,451.151,3697.361,819.382,2469.08,23088,1107.28,revised
NEW YORK,2015,19795791,75165,609,6074,4389,23936,44546,317529,44276,257940,379.702,3.076,30.683,22.171,120.915,225.028,1604.023,223.664,1303.004,119711,604.73,revised
NORTH CAROLINA,2015,10042802,34852,517,2684,1939,8825,22826,276183,74841,187907,347.035,5.148,26.726,19.307,87.874,227.287,2750.059,745.22,1871.061,57678,574.322,revised
NORTH DAKOTA,2015,756927,1812,21,345,276,148,1298,16020,2997,11440,239.389,2.774,45.579,36.463,19.553,171.483,2116.452,395.943,1511.374,3110,410.872,revised
OHIO,2015,11613423,33898,500,5149,4154,12554,15695,300525,69303,213993,291.886,4.305,44.337,35.769,108.099,135.145,2587.738,596.749,1842.635,49593,427.032,revised
OKLAHOMA,2015,3911338,16506,234,1849,1352,3005,11418,112878,28406,74022,422.004,5.983,47.273,34.566,76.828,291.921,2885.918,726.248,1892.498,27924,713.924,revised
OREGON,2015,4028977,10468,99,1593,1164,2146,6630,118719,18336,89836,259.818,2.457,39.539,28.891,53.264,164.558,2946.629,455.103,2229.747,17098,424.376,revised
PENNSYLVANIA,2015,12802503,40339,658,4305,3122,13003,22373,232085,39664,180287,315.087,5.14,33.626,24.386,101.566,174.755,1812.81,309.814,1408.217,62712,489.842,revised
RHODE ISLAND,2015,1056298,2562,29,459,338,556,1518,20043,3947,14707,242.545,2.745,43.454,31.999,52.637,143.709,1897.476,373.663,1392.315,4080,386.255,revised
SOUTH CAROLINA,2015,4896146,24700,399,2297,1707,3931,18073,161245,34551,113724,504.478,8.149,46.914,34.864,80.288,369.127,3293.305,705.677,2322.725,42773,873.605,revised
SOUTH DAKOTA,2015,858469,3289,32,495,441,216,2546,16680,2960,12532,383.124,3.728,57.661,51.371,25.161,296.574,1942.994,344.8,1459.808,5835,679.698,revised
TENNESSEE,2015,6600299,40400,406,2676,1966,7474,29844,193796,43247,137679,612.093,6.151,40.544,29.787,113.237,452.161,2936.17,655.228,2085.951,70244,1064.255,revised
TEXAS,2015,27469114,113227,1316,12250,8925,31934,67727,777739,153054,557200,412.197,4.791,44.596,32.491,116.254,246.557,2831.322,557.186,2028.46,180954,658.754,revised
UTAH,2015,2995919,7071,54,1645,1098,1326,4046,89278,12468,68103,236.021,1.802,54.908,36.65,44.26,135.05,2979.987,416.166,2273.192,11117,371.071,revised
VERMONT,2015,626042,739,10,136,121,101,492,8806,1968,6660,118.043,1.597,21.724,19.328,16.133,78.589,1406.615,314.356,1063.826,1231,196.632,revised
VIRGINIA,2015,8382993,16399,383,2340,1493,4441,9235,156470,21340,127019,195.622,4.569,27.914,17.81,52.976,110.164,1866.517,254.563,1515.199,25634,305.786,revised
WASHINGTON,2015,7170351,20394,211,2705,2193,5449,12029,248369,50993,170509,284.421,2.943,37.725,30.584,75.993,167.76,3463.833,711.165,2377.973,32423,452.181,revised
WEST VIRGINIA,2015,1844128,6231,70,672,420,760,4729,37251,9170,25842,337.883,3.796,36.44,22.775,41.212,256.436,2019.979,497.254,1401.313,10960,594.319,revised
WISCONSIN,2015,5771337,17647,240,1780,1224,5232,10395,113924,19554,83385,305.77,4.158,30.842,21.208,90.655,180.114,1973.962,338.812,1444.813,28042,485.884,revised
WYOMING,2015,586107,1302,16,173,125,59,1054,11151,1762,8797,222.144,2.73,29.517,21.327,10.066,179.831,1902.554,300.628,1500.92,2356,401.974,revised
ALABAMA,2017,4874747,25551,404,2028,4217,18902,144160,31477,99842,12841,524.15,8.288,41.602,86.507,387.753,2957.282,645.716,2048.147,263.419,169711,3481.432,revised
ALASKA,2017,739795,6133,62,863,951,4257,26204,4171,17775,4258,829.013,8.381,116.654,128.549,575.43,3542.062,563.805,2402.693,575.565,32337,4371.076,revised
ARIZONA,2017,7016270,35644,416,3581,7440,24207,204515,37627,147830,19058,508.019,5.929,51.039,106.039,345.012,2914.868,536.282,2106.96,271.626,240159,3422.887,revised
ARKANSAS,2017,3004279,16671,258,2053,1935,12425,92489,21862,63374,7253,554.909,8.588,68.336,64.408,413.577,3078.576,727.695,2109.458,241.422,109160,3633.484,revised
CALIFORNIA,2017,39536653,177627,1830,14721,56622,104454,987114,176690,642033,168391,449.272,4.629,37.234,143.214,264.195,2496.706,446.902,1623.893,425.911,1164741,2945.978,revised
COLORADO,2017,5607154,20638,221,3858,3838,12721,151483,22813,106809,21861,368.066,3.941,68.805,68.448,226.871,2701.602,406.855,1904.87,389.877,172121,3069.668,revised
CONNECTICUT,2017,3588184,8180,102,837,2813,4428,63509,8890,47310,7309,227.97,2.843,23.327,78.396,123.405,1769.948,247.758,1318.494,203.696,71689,1997.919,revised
DELAWARE,2017,961939,4361,54,334,1082,2891,23477,3970,18138,1369,453.355,5.614,34.722,112.481,300.539,2440.591,412.708,1885.567,142.317,27838,2893.946,revised
FLORIDA,2017,20984400,85625,1057,7940,18597,58031,527220,88853,395453,42914,408.041,5.037,37.838,88.623,276.544,2512.438,423.424,1884.509,204.504,612845,2920.479,revised
GEORGIA,2017,10429379,37258,703,2718,10044,23793,298298,55374,216661,26263,357.241,6.741,26.061,96.305,228.134,2860.17,530.942,2077.41,251.817,335556,3217.411,revised
HAWAII,2017,1427538,3577,39,567,1077,1894,40392,5549,29574,5269,250.571,2.732,39.719,75.445,132.676,2829.487,388.711,2071.679,369.097,43969,3080.058,revised
IDAHO,2017,1716943,3888,32,707,196,2953,28079,5655,20278,2146,226.449,1.864,41.178,11.416,171.992,1635.407,329.364,1181.053,124.99,31967,1861.856,revised
ILLINOIS,2017,12802023,56180,997,5556,17567,32060,257497,43459,193157,20881,438.837,7.788,43.399,137.221,250.429,2011.377,339.47,1508.801,163.107,313677,2450.214,revised
INDIANA,2017,6666818,26598,397,2625,6600,16976,161132,30140,115591,15401,398.961,5.955,39.374,98.998,254.634,2416.925,452.09,1733.826,231.01,187730,2815.886,revised
IOWA,2017,3145711,9230,104,1234,1253,6639,66855,15078,46198,5579,293.415,3.306,39.228,39.832,211.049,2125.275,479.319,1468.603,177.353,76085,2418.69,revised
KANSAS,2017,2913123,12030,160,1627,1785,8458,81593,13931,59816,7846,412.959,5.492,55.851,61.274,290.341,2800.877,478.215,2053.329,269.333,93623,3213.836,revised
KENTUCKY,2017,4454189,10056,263,1661,2958,5174,94833,20195,64394,10244,225.765,5.905,37.291,66.409,116.16,2129.074,453.393,1445.695,229.986,104889,2354.839,revised
LOUISIANA,2017,4684333,26092,582,1867,5358,18285,157712,34265,112485,10962,557.006,12.424,39.856,114.381,390.344,3366.797,731.481,2401.302,234.014,183804,3923.803,revised
MAINE,2017,1335907,1617,23,473,249,872,20133,3334,16006,793,121.041,1.722,35.407,18.639,65.274,1507.066,249.568,1198.137,59.36,21750,1628.107,revised
MARYLAND,2017,6052177,30273,546,1691,11200,16836,134496,23508,97420,13568,500.2,9.022,27.94,185.057,278.181,2222.275,388.422,1609.669,224.184,164769,2722.475,revised
MASSACHUSETTS,2017,6859819,24560,173,2197,4871,17319,98575,17089,73946,7540,358.027,2.522,32.027,71.008,252.47,1436.991,249.117,1077.958,109.915,123135,1795.018,revised
MICHIGAN,2017,9962311,44826,569,7031,6488,30738,179318,35641,124104,19573,449.956,5.712,70.576,65.125,308.543,1799.964,357.758,1245.735,196.47,224144,2249.92,revised
MINNESOTA,2017,5576606,13291,113,2385,3621,7172,122212,18787,93446,9979,238.335,2.026,42.768,64.932,128.609,2191.512,336.889,1675.679,178.944,135503,2429.847,revised
MISSISSIPPI,2017,2984100,8526,245,1091,2071,5119,81581,24710,52240,4631,285.714,8.21,36.56,69.401,171.543,2733.856,828.055,1750.612,155.189,90107,3019.57,revised
MISSOURI,2017,6113532,32420,600,2729,6351,22740,173253,30081,123251,19921,530.299,9.814,44.639,103.884,371.962,2833.926,492.04,2016.036,325.851,205673,3364.225,revised
MONTANA,2017,1050493,3961,41,613,295,3012,27225,3615,21018,2592,377.061,3.903,58.354,28.082,286.723,2591.64,344.124,2000.775,246.741,31186,2968.701,revised
NEBRASKA,2017,1920076,5873,43,1191,968,3671,43663,6472,31988,5203,305.873,2.239,62.029,50.415,191.19,2274.025,337.07,1665.976,270.979,49536,2579.898,revised
NEVADA,2017,2998039,16667,274,1890,4841,9662,78322,20049,45461,12812,555.93,9.139,63.041,161.472,322.277,2612.441,668.737,1516.358,427.346,94989,3168.371,revised
NEW HAMPSHIRE,2017,1342795,2668,14,663,419,1572,18555,2574,15066,915,198.69,1.043,49.375,31.204,117.069,1381.819,191.69,1121.988,68.141,21223,1580.509,revised
NEW JERSEY,2017,9005644,20604,324,1505,7895,10880,140086,23891,104025,12170,228.79,3.598,16.712,87.667,120.813,1555.536,265.289,1155.109,135.137,160690,1784.325,revised
NEW MEXICO,2017,2088070,16359,148,1259,3722,11230,82306,17917,52617,11772,783.451,7.088,60.295,178.251,537.817,3941.726,858.065,2519.887,563.774,98665,4725.177,revised
NEW YORK,2017,19849399,70799,548,6324,20108,43819,300555,35002,252143,13410,356.681,2.761,31.86,101.303,220.757,1514.177,176.338,1270.28,67.559,371354,1870.858,revised
NORTH CAROLINA,2017,10273419,37364,591,2715,9350,24708,261486,64786,180902,15798,363.696,5.753,26.427,91.012,240.504,2545.268,630.618,1760.874,153.775,298850,2908.963,revised
NORTH DAKOTA,2017,755393,2125,10,399,183,1533,16602,2942,11887,1773,281.311,1.324,52.82,24.226,202.941,2197.796,389.466,1573.618,234.712,18727,2479.107,revised
OHIO,2017,11658609,34683,710,5859,11605,16509,282034,58573,203208,20253,297.488,6.09,50.255,99.54,141.604,2419.105,502.401,1742.987,173.717,316717,2716.593,revised
OKLAHOMA,2017,3930864,17934,242,2142,3000,12550,113066,28608,72207,12251,456.236,6.156,54.492,76.319,319.268,2876.365,727.779,1836.924,311.662,131000,3332.601,revised
OREGON,2017,4142776,11674,104,1999,2432,7139,123722,17705,88877,17140,281.792,2.51,48.253,58.705,172.324,2986.452,427.37,2145.349,413.732,135396,3268.243,revised
PENNSYLVANIA,2017,12805537,40120,739,4201,11793,23387,211220,32057,166178,12985,313.302,5.771,32.806,92.093,182.632,1649.443,250.337,1297.704,101.401,251340,1962.745,revised
RHODE ISLAND,2017,1059639,2460,20,445,474,1521,18561,3217,13861,1483,232.155,1.887,41.995,44.732,143.539,1751.634,303.594,1308.087,139.953,21021,1983.789,revised
SOUTH CAROLINA,2017,5024369,25432,390,2504,3870,18668,160575,31306,115012,14257,506.173,7.762,49.837,77.025,371.549,3195.924,623.083,2289.083,283.757,186007,3702.097,revised
SOUTH DAKOTA,2017,869666,3771,25,595,238,2913,16317,2707,12227,1383,433.615,2.875,68.417,27.367,334.956,1876.238,311.269,1405.942,159.027,20088,2309.852,revised
TENNESSEE,2017,6715984,43755,527,2934,7862,32432,197488,38716,140248,18524,651.505,7.847,43.687,117.064,482.908,2940.567,576.475,2088.272,275.82,241243,3592.072,revised
TEXAS,2017,28304596,124238,1412,14470,32267,76089,725328,134066,523221,68041,438.932,4.989,51.122,113.999,268.822,2562.58,473.655,1848.537,240.389,849566,3001.513,revised
UTAH,2017,3101833,7410,73,1697,1468,4172,86238,11817,64892,9529,238.891,2.353,54.71,47.327,134.501,2780.227,380.968,2092.053,307.205,93648,3019.118,revised
VERMONT,2017,623657,1034,14,218,92,710,8960,1854,6912,194,165.796,2.245,34.955,14.752,113.845,1436.687,297.279,1108.302,31.107,9994,1602.483,revised
VIRGINIA,2017,8470020,17632,453,2862,4332,9985,151855,18468,123215,10172,208.17,5.348,33.79,51.145,117.886,1792.853,218.04,1454.719,120.094,169487,2001.022,revised
WASHINGTON,2017,7405743,22548,230,3255,5390,13673,235027,43720,162511,28796,304.466,3.106,43.952,72.781,184.627,3173.578,590.353,2194.392,388.833,257575,3478.044,revised
WEST VIRGINIA,2017,1815857,6368,85,795,524,4964,33630,7628,23000,3002,350.688,4.681,43.781,28.857,273.37,1852.018,420.077,1266.62,165.321,39998,2202.706,revised
WISCONSIN,2017,5795483,18539,186,2139,4345,11869,104802,17599,77735,9468,319.887,3.209,36.908,74.972,204.797,1808.339,303.668,1341.303,163.369,123341,2128.226,revised
WYOMING,2017,579315,1376,15,263,76,1022,10604,1593,8232,779,237.522,2.589,45.398,13.119,176.415,1830.438,274.98,1420.989,134.469,11980,2067.96,revised
ALABAMA,2018,4887871,25399,383,1996,4076,18944,137700,28841,95747,13112,519.633,7.836,40.836,83.39,387.572,2817.177,590.052,1958.869,268.256,163099,3336.811,revised
ALASKA,2018,737438,6526,47,1192,896,4391,24339,3979,16364,3996,884.956,6.373,161.641,121.502,595.44,3300.481,539.571,2219.034,541.876,30865,4185.437,revised
ARIZONA,2018,7171646,34058,369,3638,6523,23528,191974,31532,141303,19139,474.898,5.145,50.728,90.955,328.07,2676.847,439.676,1970.301,266.87,226032,3151.745,revised
ARKANSAS,2018,3013825,16384,216,2196,1594,12378,87793,19193,61487,7113,543.628,7.167,72.864,52.89,410.707,2913.009,636.832,2040.165,236.012,104177,3456.637,revised
CALIFORNIA,2018,39557045,176982,1739,15505,54326,105412,941618,164632,621775,155211,447.41,4.396,39.197,137.336,266.481,2380.405,416.189,1571.844,392.373,1118600,2827.815,revised
COLORADO,2018,5695564,22624,210,4070,3797,14547,152163,21371,109119,21673,397.221,3.687,71.459,66.666,255.409,2671.605,375.222,1915.859,380.524,174787,3068.827,revised
CONNECTICUT,2018,3572665,7411,83,840,2194,4294,60055,7948,44724,7383,207.436,2.323,23.512,61.411,120.19,1680.958,222.467,1251.839,206.652,67466,1888.394,revised
DELAWARE,2018,967171,4097,48,338,866,2845,22481,3158,17847,1476,423.607,4.963,34.947,89.539,294.157,2324.408,326.519,1845.279,152.61,26578,2748.015,revised
FLORIDA,2018,21299325,81980,1107,8438,16884,55551,486017,71933,372919,41165,384.895,5.197,39.616,79.27,260.811,2281.842,337.724,1750.849,193.269,567997,2666.737,revised
GEORGIA,2018,10519475,34355,642,2651,8279,22783,270738,45369,200609,24760,326.585,6.103,25.201,78.702,216.579,2573.684,431.286,1907.025,235.373,305093,2900.268,revised
HAWAII,2018,1420491,3532,36,625,946,1925,40772,5631,29492,5649,248.646,2.534,43.999,66.597,135.517,2870.275,396.412,2076.184,397.679,44304,3118.922,revised
IDAHO,2018,1754208,3983,35,791,200,2957,25636,4940,18732,1964,227.054,1.995,45.092,11.401,168.566,1461.4,281.609,1067.832,111.959,29619,1688.454,revised
ILLINOIS,2018,12741080,51490,884,5859,14208,30539,246264,39080,187591,19593,404.126,6.938,45.985,111.513,239.689,1932.835,306.724,1472.332,153.778,297754,2336.96,revised
INDIANA,2018,6691878,25581,438,2370,5939,16834,145838,25268,105242,15328,382.269,6.545,35.416,88.749,251.559,2179.328,377.592,1572.683,229.054,171419,2561.598,revised
IOWA,2018,3156145,7893,54,976,932,5931,53385,11127,37571,4687,250.084,1.711,30.924,29.53,187.919,1691.462,352.55,1190.408,148.504,61278,1941.546,revised
KANSAS,2018,2911505,12782,113,1567,1543,9559,76686,12537,56305,7844,439.017,3.881,53.821,52.997,328.318,2633.896,430.602,1933.88,269.414,89468,3072.912,revised
KENTUCKY,2018,4468402,9467,244,1707,2457,5059,87695,17190,60244,10261,211.865,5.461,38.202,54.986,113.217,1962.558,384.701,1348.222,229.635,97162,2174.424,revised
LOUISIANA,2018,4659978,25049,530,2085,4568,17866,152661,31132,109993,11536,537.535,11.373,44.743,98.026,383.392,3276.003,668.072,2360.376,247.555,177710,3813.537,revised
MAINE,2018,1338404,1501,24,446,228,803,18173,2713,14683,777,112.148,1.793,33.323,17.035,59.997,1357.811,202.704,1097.053,58.054,19674,1469.96,revised
MARYLAND,2018,6042718,28320,490,1979,9716,16135,122864,18892,91835,12137,468.663,8.109,32.75,160.789,267.016,2033.257,312.641,1519.763,200.853,151184,2501.92,revised
MASSACHUSETTS,2018,6902149,23337,136,2410,4143,16648,87196,13862,66728,6606,338.112,1.97,34.917,60.025,241.2,1263.317,200.836,966.771,95.709,110533,1601.429,revised
MICHIGAN,2018,9995915,44918,551,7690,5656,31021,165280,31651,116178,17451,449.364,5.512,76.931,56.583,310.337,1653.475,316.639,1162.255,174.581,210198,2102.839,revised
MINNESOTA,2018,5611179,12369,106,2462,2944,6857,111874,16185,85561,10128,220.435,1.889,43.877,52.467,122.202,1993.77,288.442,1524.831,180.497,124243,2214.205,revised
MISSISSIPPI,2018,2986530,6999,171,537,1595,4696,71766,20839,46627,4300,234.352,5.726,17.981,53.406,157.239,2402.989,697.766,1561.243,143.98,78765,2637.342,revised
MISSOURI,2018,6126452,30758,607,2912,5197,22042,162173,27257,115101,19815,502.052,9.908,47.532,84.829,359.784,2647.095,444.907,1878.755,323.434,192931,3149.147,revised
MONTANA,2018,1062305,3974,34,551,269,3120,26518,3257,20465,2796,374.092,3.201,51.868,25.322,293.701,2496.27,306.597,1926.471,263.201,30492,2870.362,revised
NEBRASKA,2018,1929268,5494,44,1233,756,3461,40126,5246,30006,4874,284.771,2.281,63.91,39.186,179.394,2079.856,271.917,1555.305,252.635,45620,2364.627,revised
NEVADA,2018,3034392,16420,202,2329,3862,10027,73985,17743,44338,11904,541.13,6.657,76.753,127.274,330.445,2438.215,584.73,1461.182,392.303,90405,2979.345,revised
NEW HAMPSHIRE,2018,1356458,2349,21,534,359,1435,16935,1847,14219,869,173.172,1.548,39.367,26.466,105.79,1248.472,136.163,1048.245,64.064,19284,1421.644,revised
NEW JERSEY,2018,8908520,18537,286,1424,6364,10463,125156,19232,94887,11037,208.082,3.21,15.985,71.437,117.449,1404.902,215.883,1065.126,123.893,143693,1612.984,revised
NEW MEXICO,2018,2095428,17949,167,1354,2830,13598,71657,16088,45390,10179,856.579,7.97,64.617,135.056,648.937,3419.683,767.767,2166.145,485.772,89606,4276.262,revised
NEW YORK,2018,19542209,68495,562,6575,18187,43171,281507,31137,237233,13137,350.498,2.876,33.645,93.065,220.912,1440.508,159.332,1213.952,67.224,350002,1791.005,revised
NORTH CAROLINA,2018,10383620,39210,628,2633,8423,27526,258979,62290,179057,17632,377.614,6.048,25.357,81.118,265.091,2494.111,599.887,1724.418,169.806,298189,2871.725,revised
NORTH DAKOTA,2018,760077,2133,18,397,158,1560,15507,2724,11008,1775,280.629,2.368,52.232,20.787,205.242,2040.188,358.385,1448.274,233.529,17640,2320.817,revised
OHIO,2018,11689442,32723,564,5300,9185,17674,254496,48186,186401,19909,279.936,4.825,45.34,78.575,151.196,2177.144,412.218,1594.61,170.316,287219,2457.081,revised
OKLAHOMA,2018,3943079,18380,206,2299,2791,13084,113364,26858,73217,13289,466.133,5.224,58.305,70.782,331.822,2875.012,681.143,1856.848,337.021,131744,3341.145,revised
OREGON,2018,4190713,11966,82,1975,2549,7360,121278,16304,88418,16556,285.536,1.957,47.128,60.825,175.626,2893.971,389.051,2109.856,395.064,133244,3179.507,revised
PENNSYLVANIA,2018,12807060,39192,784,4483,9848,24077,190816,27104,150596,13116,306.019,6.122,35.004,76.895,187.998,1489.928,211.633,1175.883,102.412,230008,1795.947,revised
RHODE ISLAND,2018,1057315,2317,16,481,454,1366,17561,2810,13220,1531,219.14,1.513,45.493,42.939,129.195,1660.905,265.768,1250.337,144.801,19878,1880.045,revised
SOUTH CAROLINA,2018,5084127,24825,392,2434,3553,18446,153421,29473,109616,14332,488.284,7.71,47.874,69.884,362.815,3017.647,579.706,2156.044,281.897,178246,3505.931,revised
SOUTH DAKOTA,2018,882235,3570,12,614,262,2682,15251,2571,11156,1524,404.654,1.36,69.596,29.697,304.001,1728.678,291.419,1264.516,172.743,18821,2133.332,revised
TENNESSEE,2018,6770010,42226,498,2821,7190,31717,191279,33132,137708,20439,623.721,7.356,41.669,106.204,468.493,2825.387,489.394,2034.089,301.905,233505,3449.109,revised
TEXAS,2018,28701845,117927,1322,14693,28256,73656,679430,117911,491702,69817,410.869,4.606,51.192,98.447,256.625,2367.2,410.813,1713.137,243.249,797357,2778.069,revised
UTAH,2018,3161105,7368,60,1753,1236,4319,75156,9968,57460,7728,233.083,1.898,55.455,39.1,136.629,2377.523,315.333,1817.719,244.471,82524,2610.606,revised
VERMONT,2018,626299,1077,10,287,70,710,8036,1467,6316,253,171.963,1.597,45.825,11.177,113.364,1283.093,234.233,1008.464,40.396,9113,1455.056,revised
VIRGINIA,2018,8517685,17032,391,2924,3604,10113,141885,15574,115533,10778,199.96,4.59,34.329,42.312,118.729,1665.77,182.843,1356.39,126.537,158917,1865.73,revised
WASHINGTON,2018,7535591,23472,236,3413,5572,14251,222011,40201,154133,27677,311.482,3.132,45.292,73.942,189.116,2946.166,533.482,2045.4,367.284,245483,3257.648,revised
WEST VIRGINIA,2018,1805832,5236,67,652,572,3945,26827,5354,18954,2519,289.949,3.71,36.105,31.675,218.459,1485.576,296.484,1049.599,139.492,32063,1775.525,revised
WISCONSIN,2018,5813568,17176,176,2248,3489,11263,90686,14099,67953,8634,295.447,3.027,38.668,60.015,193.736,1559.903,242.519,1168.869,148.515,107862,1855.349,revised
WYOMING,2018,577737,1226,13,243,100,870,10313,1525,7949,839,212.207,2.25,42.061,17.309,150.588,1785.068,263.961,1375.886,145.222,11539,1997.276,revised
ALABAMA,2019,4903185,25046,358,2068,3941,18679,131133,26079,92477,12577,510.811,7.301,42.177,80.376,380.956,2674.445,531.879,1886.06,256.507,156179,3185.256,revised
ALASKA,2019,731545,6343,69,1088,826,4360,21294,3563,15114,2617,867.069,9.432,148.726,112.912,595.999,2910.826,487.051,2066.038,357.736,27637,3777.895,revised
ARIZONA,2019,7278717,33141,365,3662,6410,22704,177638,28699,130788,18151,455.314,5.015,50.311,88.065,311.923,2440.513,394.287,1796.855,249.371,210779,2895.826,revised
ARKANSAS,2019,3017804,17643,242,2331,1557,13513,86250,18095,60735,7420,584.63,8.019,77.242,51.594,447.776,2858.038,599.608,2012.556,245.874,103893,3442.669,revised
CALIFORNIA,2019,39512223,174331,1690,14799,52301,105541,921114,152555,626802,141757,441.208,4.277,37.454,132.367,267.11,2331.213,386.096,1586.35,358.767,1095445,2772.421,revised
COLORADO,2019,5758736,21938,218,3872,3663,14185,149189,20064,107012,22113,380.952,3.786,67.237,63.608,246.321,2590.655,348.41,1858.255,383.991,171127,2971.607,revised
CONNECTICUT,2019,3565287,6546,104,771,1929,3742,50862,6441,38457,5964,183.604,2.917,21.625,54.105,104.956,1426.589,180.659,1078.651,167.28,57408,1610.193,revised
DELAWARE,2019,973764,4115,48,310,790,2967,21931,2968,17359,1604,422.587,4.929,31.835,81.128,304.694,2252.188,304.797,1782.67,164.722,26046,2674.775,revised
FLORIDA,2019,21477737,81270,1122,8456,16217,55475,460846,63396,358402,39048,378.392,5.224,39.371,75.506,258.291,2145.692,295.171,1668.714,181.807,542116,2524.083,revised
GEORGIA,2019,10617423,36170,654,2922,7961,24633,252249,39506,188967,23776,340.666,6.16,27.521,74.981,232.005,2375.802,372.087,1779.782,223.934,288419,2716.469,revised
HAWAII,2019,1415872,4042,48,765,1131,2098,40228,5340,29634,5254,285.478,3.39,54.03,79.88,148.177,2841.217,377.153,2092.986,371.079,44270,3126.695,revised
IDAHO,2019,1787065,4000,35,809,155,3001,21793,3927,16295,1571,223.831,1.959,45.27,8.673,167.929,1219.486,219.746,911.83,87.91,25793,1443.316,revised
ILLINOIS,2019,12671821,51561,832,6078,12464,32187,233984,34433,180776,18775,406.895,6.566,47.965,98.36,254.005,1846.491,271.729,1426.598,148.163,285545,2253.386,revised
INDIANA,2019,6732219,24966,377,2475,5331,16783,132694,21795,97176,13723,370.844,5.6,36.764,79.186,249.294,1971.029,323.742,1443.447,203.841,157660,2341.873,revised
IOWA,2019,3155070,8410,60,1164,863,6323,54699,11710,37847,5142,266.555,1.902,36.893,27.353,200.408,1733.686,371.149,1199.561,162.976,63109,2000.241,revised
KANSAS,2019,2913314,11968,105,1416,1293,9154,67428,9984,50165,7279,410.804,3.604,48.604,44.382,314.213,2314.478,342.703,1721.922,249.853,79396,2725.281,revised
KENTUCKY,2019,4467673,9701,221,1572,2161,5747,84769,15443,59130,10196,217.138,4.947,35.186,48.37,128.635,1897.386,345.661,1323.508,228.217,94470,2114.524,revised
LOUISIANA,2019,4648794,25537,544,2273,4025,18695,146993,26918,109359,10716,549.325,11.702,48.894,86.582,402.147,3161.96,579.032,2352.417,230.511,172530,3711.285,revised
MAINE,2019,1344212,1548,20,516,188,824,16743,2350,13667,726,115.16,1.488,38.387,13.986,61.3,1245.562,174.824,1016.73,54.009,18291,1360.723,revised
MARYLAND,2019,6045680,27456,542,1913,9203,15798,117901,16862,89780,11259,454.142,8.965,31.642,152.224,261.311,1950.169,278.91,1485.027,186.232,145357,2404.312,revised
MASSACHUSETTS,2019,6892503,22578,152,2204,3613,16609,81317,12341,62844,6132,327.573,2.205,31.977,52.419,240.972,1179.789,179.05,911.773,88.966,103895,1507.362,revised
MICHIGAN,2019,9986857,43686,556,7235,5350,30545,158296,28572,111980,17744,437.435,5.567,72.445,53.57,305.852,1585.043,286.096,1121.274,177.674,201982,2022.478,revised
MINNESOTA,2019,5639632,13332,117,2448,3149,7618,117236,15927,90092,11217,236.398,2.075,43.407,55.837,135.08,2078.788,282.412,1597.48,198.896,130568,2315.187,revised
MISSISSIPPI,2019,2976149,8272,332,747,1700,5493,70707,18660,46300,5747,277.943,11.155,25.1,57.121,184.567,2375.788,626.985,1555.702,193.102,78979,2653.731,revised
MISSOURI,2019,6137428,30380,568,2917,4959,21936,161946,26414,114460,21072,494.996,9.255,47.528,80.799,357.414,2638.662,430.376,1864.951,343.336,192326,3133.658,revised
MONTANA,2019,1068778,4328,27,624,205,3472,23440,2887,18176,2377,404.948,2.526,58.384,19.181,324.857,2193.159,270.122,1700.634,222.404,27768,2598.107,revised
NEBRASKA,2019,1934408,5821,45,1253,792,3731,39449,4745,29719,4985,300.919,2.326,64.774,40.943,192.876,2039.332,245.295,1536.336,257.702,45270,2340.251,revised
NEVADA,2019,3080156,15210,143,2161,3286,9620,71525,15510,44755,11260,493.806,4.643,70.159,106.683,312.322,2322.123,503.546,1453.011,365.566,86735,2815.929,revised
NEW HAMPSHIRE,2019,1359711,2074,33,590,313,1138,16442,1717,13832,893,152.532,2.427,43.392,23.02,83.694,1209.228,126.277,1017.275,65.676,18516,1361.76,revised
NEW JERSEY,2019,8882190,18375,262,1531,5730,10852,118637,16399,91902,10336,206.875,2.95,17.237,64.511,122.177,1335.673,184.628,1034.677,116.368,137012,1542.548,revised
NEW MEXICO,2019,2096829,17450,181,1288,2341,13640,65269,14610,41702,8957,832.209,8.632,61.426,111.645,650.506,3112.748,696.766,1988.813,427.169,82719,3944.957,revised
NEW YORK,2019,19453561,69764,558,6583,18068,44555,267155,27600,226851,12704,358.618,2.868,33.84,92.878,229.033,1373.296,141.876,1166.116,65.304,336919,1731.914,revised
NORTH CAROLINA,2019,10488084,38995,632,3247,7599,27517,247236,54447,174728,18061,371.803,6.026,30.959,72.454,262.364,2357.304,519.132,1665.967,172.205,286231,2729.107,revised
NORTH DAKOTA,2019,762062,2169,24,437,179,1529,15066,2608,10666,1792,284.623,3.149,57.344,23.489,200.64,1977.004,342.229,1399.624,235.151,17235,2261.627,revised
OHIO,2019,11689100,34269,538,5731,8846,19154,240291,43894,177725,18672,293.171,4.603,49.029,75.677,163.862,2055.684,375.512,1520.434,159.739,274560,2348.855,revised
OKLAHOMA,2019,3956971,17086,266,2268,2369,12183,112587,26577,72632,13378,431.795,6.722,57.317,59.869,307.887,2845.282,671.65,1835.545,338.087,129673,3277.077,revised
OREGON,2019,4217737,11995,116,1778,2276,7825,115170,14724,85261,15185,284.394,2.75,42.155,53.963,185.526,2730.611,349.097,2021.487,360.027,127165,3015.005,revised
PENNSYLVANIA,2019,12801989,39228,669,4351,9743,24465,179665,23354,143921,12390,306.421,5.226,33.987,76.105,191.103,1403.415,182.425,1124.208,96.782,218893,1709.836,revised
RHODE ISLAND,2019,1059361,2342,25,491,418,1408,16259,2321,12580,1358,221.077,2.36,46.349,39.458,132.91,1534.793,219.094,1187.508,128.19,18601,1755.87,revised
SOUTH CAROLINA,2019,5148714,26323,464,2460,3294,20105,151389,27461,108953,14975,511.254,9.012,47.779,63.977,390.486,2940.326,533.356,2116.121,290.849,177712,3451.58,revised
SOUTH DAKOTA,2019,884659,3530,17,642,195,2676,15667,2646,11265,1756,399.024,1.922,72.57,22.042,302.489,1770.965,299.098,1273.372,198.495,19197,2169.989,revised
TENNESSEE,2019,6829174,40647,498,2813,6150,31186,181153,29869,132104,19180,595.196,7.292,41.191,90.055,456.658,2652.634,437.374,1934.407,280.854,221800,3247.831,revised
TEXAS,2019,28995881,121474,1409,14824,28988,76253,693204,113902,501813,77489,418.935,4.859,51.125,99.973,262.979,2390.698,392.821,1730.635,267.241,814678,2809.634,revised
UTAH,2019,3205958,7553,72,1822,1125,4534,69546,8871,53937,6738,235.593,2.246,56.832,35.091,141.424,2169.274,276.704,1682.399,210.171,77099,2404.866,revised
VERMONT,2019,623989,1262,11,278,71,902,8888,1275,7315,298,202.247,1.763,44.552,11.378,144.554,1424.384,204.331,1172.296,47.757,10150,1626.631,revised
VIRGINIA,2019,8535519,17753,426,2816,3524,10987,140213,13900,116044,10269,207.99,4.991,32.992,41.286,128.721,1642.7,162.849,1359.542,120.309,157966,1850.69,revised
WASHINGTON,2019,7614893,22377,198,3332,5147,13700,204224,34540,145282,24402,293.858,2.6,43.756,67.591,179.911,2681.902,453.585,1907.867,320.451,226601,2975.761,revised
WEST VIRGINIA,2019,1792147,5674,78,754,378,4464,28376,5891,20066,2419,316.603,4.352,42.072,21.092,249.087,1583.352,328.712,1119.663,134.978,34050,1899.956,revised
WISCONSIN,2019,5822434,17070,175,2261,2991,11643,85672,12667,65620,7385,293.176,3.006,38.833,51.37,199.968,1471.412,217.555,1127.02,126.837,102742,1764.588,revised
WYOMING,2019,578759,1258,13,324,67,854,9093,1396,6984,713,217.362,2.246,55.982,11.576,147.557,1571.12,241.206,1206.72,123.195,10351,1788.482,revised
ALABAMA,2020,4921532,22322,471,1608,2666,17577,105161,19660,74575,10926,453.5579572,9.570190745,32.67275312,54.17012426,357.144889,2136.753352,399.4691084,1515.280201,222.0040426,127483,2590.311,revised
ALASKA,2020,731158,6126,49,1132,712,4233,16528,2775,11784,1969,837.8490012,6.701697855,154.8228974,97.37977291,578.944633,2260.523717,379.5349295,1611.689949,269.2988383,22654,3098.373,revised
ARIZONA,2020,7421401,35980,513,3263,6211,25993,165323,24488,122898,17937,484.8141207,6.912441465,43.96743957,83.69039754,350.2438421,2227.652164,329.9646522,1655.994603,241.6929095,201303,2712.466,revised
ARKANSAS,2020,3030522,20363,321,2226,1577,16239,79200,15854,55413,7933,671.9304463,10.59223461,73.45269231,52.03723979,535.8482796,2613.411155,523.1441976,1828.496873,261.7700845,99563,3285.341,revised
CALIFORNIA,2020,39368078,174026,2203,13449,44728,113646,842054,145529,528202,168323,442.0485044,5.595904377,34.16219608,113.6148938,288.6755101,2138.925858,369.6624458,1341.701264,427.5621482,1016080,2580.974362,revised
COLORADO,2020,5807719,24570,294,3652,3964,16660,164582,23246,110884,30452,423.0576583,5.062228389,62.8818302,68.25399094,286.8596087,2833.849227,400.260412,1909.252152,524.336663,189152,3256.906885,revised
CONNECTICUT,2020,3557006,6459,140,594,2033,3692,55670,6656,40592,8422,181.5852995,3.935894401,16.69943767,57.15480941,103.7951581,1565.080295,187.1236652,1141.184468,236.7721618,62129,1746.665595,revised
DELAWARE,2020,986809,4262,73,261,700,3228,19355,2508,15182,1665,431.8971554,7.397581498,26.44888727,70.93571299,327.1149736,1961.372464,254.152526,1538.494278,168.7256602,23617,2393.26962,revised
FLORIDA,2020,21733312,83368,1290,7686,13521,60871,384556,52293,293992,38271,383.5954686,5.935588648,35.36506539,62.21325125,280.0815633,1769.431185,240.6121994,1352.725254,176.0937311,467924,2153.026653,revised
GEORGIA,2020,10710017,42850,943,3420,7016,31471,214988,31139,158343,25506,400.0927356,8.8048413,31.93272242,65.50876623,293.8464057,2007.354423,290.746504,1478.457037,238.1508825,257838,2407.447,revised
HAWAII,2020,1407006,3576,41,569,867,2099,33928,4630,23954,5344,254.1566987,2.913988995,40.44048142,61.62020631,149.182022,2411.36143,329.0675377,1702.480302,379.81359,37504,2665.518129,revised
IDAHO,2020,1826913,4432,41,832,174,3385,20313,3731,14815,1767,242.5950223,2.244222905,45.54130383,9.52426306,185.2852325,1111.875607,204.2242844,810.9307887,96.72053349,24745,1354.470629,revised
ILLINOIS,2020,12587530,53612,1151,5090,12261,35110,196287,31020,143935,21332,425.9135827,9.143970263,40.43684504,97.40592475,278.9268427,1559.376621,246.434368,1143.472945,169.4693081,249899,1985.290204,revised
INDIANA,2020,6754953,24161,505,2348,4215,17093,120453,18938,86080,15435,357.6782844,7.475995762,34.7596793,62.3986577,253.0439516,1783.180431,280.357243,1274.324188,228.4989992,144614,2140.858715,revised
IOWA,2020,3163561,9601,111,1289,943,7258,53725,11739,35751,6235,303.4871147,3.508704273,40.7452235,29.80818135,229.4250056,1698.244478,371.0691844,1130.087266,197.0880283,63326,2001.731593,revised
KANSAS,2020,2913805,12385,100,1263,928,10094,64077,9655,47193,7229,425.0456019,3.431938651,43.34538516,31.84839068,346.4198874,2199.083329,331.3536767,1619.634807,248.0948451,76462,2624.128931,revised
KENTUCKY,2020,4477251,11600,323,1371,2369,7537,79673,15407,52769,11497,259.0875517,7.214248207,30.6214684,52.9119319,168.3399032,1779.507113,344.117406,1178.602674,256.7870329,91273,2038.594664,revised
LOUISIANA,2020,4645318,29704,734,2136,3747,23087,133989,23698,97891,12400,639.4395389,15.80085583,45.98178209,80.66186212,496.9950389,2884.388109,510.1480674,2107.304602,266.9354391,163693,3523.827648,revised
MAINE,2020,1350141,1466,22,486,170,788,15610,2009,12739,862,108.5812519,1.629459442,35.99624039,12.5912775,58.36427455,1156.17554,148.7992736,943.531083,63.84518358,17076,1264.756792,revised
MARYLAND,2020,6055802,24215,553,1732,7174,14756,97487,15261,71757,10469,399.8644606,9.131738455,28.60067089,118.4649036,243.6671476,1609.811549,252.0062578,1184.929758,172.8755332,121702,2009.67601,revised
MASSACHUSETTS,2020,6893574,21288,160,1851,3015,16262,72602,10323,55444,6835,308.8093346,2.321002139,26.8510935,43.73638406,235.9008549,1053.183733,149.7481568,804.2852662,99.15031013,93890,1361.993068,revised
MICHIGAN,2020,9966555,47641,754,6065,4438,36384,135633,23231,94017,18385,478.0087001,7.565302153,60.85352461,44.528927,365.0609463,1360.881468,233.0895681,943.3249503,184.4669497,183274,1838.890168,revised
MINNESOTA,2020,5657342,15698,190,2211,3877,9420,120212,17370,88696,14146,277.4801311,3.358467634,39.08195757,68.53041587,166.5092901,2124.884796,307.0346463,1567.803396,250.0467534,135910,2402.364927,revised
MISSISSIPPI,2020,2966786,8638,315,1148,1419,5756,62351,14488,41780,6083,291.1568276,10.61755044,38.69507272,47.82953674,194.0146677,2101.634563,488.3399072,1408.25796,205.0366963,70989,2392.791391,revised
MISSOURI,2020,6151548,33385,723,2661,4575,25426,155698,23300,108209,24189,542.7089246,11.75313921,43.25740448,74.37152405,413.3268569,2531.037716,378.7664503,1759.053168,393.2180973,189083,3073.746641,revised
MONTANA,2020,1080577,5077,54,598,279,4146,22917,2919,17322,2676,469.8415754,4.99733013,55.34080403,25.81953901,383.6839022,2120.811381,270.1334565,1603.032454,247.6454709,27994,2590.652957,revised
NEBRASKA,2020,1937552,6473,69,1163,799,4442,36991,4455,27488,5048,334.0813563,3.561194745,60.02419548,41.23760291,229.2583631,1909.161664,229.9293129,1418.697408,260.5349431,43464,2243.24302,revised
NEVADA,2020,3138259,14445,180,1851,2785,9629,60462,11574,38332,10556,460.2870573,5.735664265,58.98174752,88.7434721,306.8261734,1926.609627,368.8032122,1221.44157,336.3648443,74907,2386.896684,revised
NEW HAMPSHIRE,2020,1366275,2000,12,542,280,1166,15014,1412,12558,1044,146.3834148,0.878300489,39.6699054,20.49367807,85.3415308,1098.900295,103.3466908,919.1414613,76.4121425,17014,1245.284,revised
NEW JERSEY,2020,8882371,17353,329,1277,4384,11363,102875,12983,79614,10278,195.3645035,3.703965979,14.37679196,49.35619104,127.9275545,1158.19301,146.165928,896.314734,115.7123475,120228,1353.557513,revised
NEW MEXICO,2020,2106319,16393,164,1170,2086,12973,59859,13665,37188,9006,778.2771745,7.786095079,55.54714172,99.03533131,615.9086064,2841.877228,648.7621296,1765.544535,427.5705627,76252,3620.154402,revised
NEW YORK,2020,19336776,70339,808,5468,17525,46538,272788,32003,221129,19656,363.7576398,4.178566272,28.27772324,90.63041326,240.6709371,1410.721208,165.5032876,1143.567056,101.6508647,343127,1774.478848,revised
NORTH CAROLINA,2020,10600823,44451,852,2922,7340,33337,236026,49952,165554,20520,419.3165002,8.037111836,27.56389763,69.23990713,314.4755836,2226.48751,471.2086977,1561.708935,193.5698766,280477,2645.80401,revised
NORTH DAKOTA,2020,765309,2518,32,396,151,1939,16256,3196,10986,2074,329.0174296,4.181317612,51.74380544,19.73059248,253.361714,2124.109347,417.6090965,1435.498603,271.0016477,18774,2453.126776,revised
OHIO,2020,11693217,36104,820,5052,7826,22406,216363,37279,159007,20077,308.7601983,7.012612526,43.20453473,66.92768979,191.6153613,1850.329127,318.808759,1359.822536,171.6978313,252467,2159.089325,revised
OKLAHOMA,2020,3980783,18255,296,2102,2351,13506,107705,24415,68243,15047,458.578124,7.435723073,52.80368209,59.05873292,339.2799859,2705.623492,613.3215501,1714.310979,377.9909631,125960,3164.201616,revised
OREGON,2020,4241507,12380,125,1565,2180,8510,112782,14386,81811,16585,291.8773917,2.947065748,36.89726317,51.39682665,200.6362361,2659.007754,339.1719028,1928.819167,391.0166835,125162,2950.885145,revised
PENNSYLVANIA,2020,12783254,49793,1009,4228,10728,33828,210167,31774,162919,15474,389.5174108,7.893138946,33.07452078,83.92229396,264.6274571,1644.080607,248.5595608,1274.472055,121.0489911,259960,2033.598018,revised
RHODE ISLAND,2020,1057125,2440,32,407,336,1665,13166,1763,9894,1509,230.8147097,3.02707816,38.50065035,31.78432068,157.5026605,1245.45347,166.7730874,935.9347286,142.7456545,15606,1476.26818,revised
SOUTH CAROLINA,2020,5218040,27691,549,2086,3122,21934,141987,23377,103892,14718,530.6781857,10.52119187,39.97669623,59.83089436,420.3494032,2721.079179,448.0034649,1991.015784,282.0599305,169678,3251.757365,revised
SOUTH DAKOTA,2020,892717,4476,40,599,274,3563,17468,3036,12117,2315,501.3906983,4.480703291,67.09853179,30.69281754,399.1186457,1956.723127,340.0853798,1357.317044,259.320703,21944,2458.113826,revised
TENNESSEE,2020,6886834,46328,663,2678,5575,37412,171675,26479,124098,21098,672.7038869,9.627065209,38.8857928,80.95156642,543.2394624,2492.80003,384.4872695,1801.960088,306.3526724,218003,3165.503917,revised
TEXAS,2020,29360759,131084,1931,13509,26834,88810,659160,108851,466033,84276,446.459848,6.576805457,46.01039094,91.39409509,302.4785565,2245.03733,370.7363287,1587.264825,287.0361764,790244,2691.497178,revised
UTAH,2020,3249879,8471,102,1809,1362,5198,80091,9444,60359,10288,260.6558583,3.13857839,55.66361086,41.90925262,159.9444164,2464.430214,290.5954345,1857.269148,316.5656321,88562,2725.086072,revised
VERMONT,2020,623347,1081,14,213,64,790,7586,961,6361,264,173.4186577,2.245940062,34.1703738,10.26715457,126.7351892,1216.978665,154.1677428,1020.45891,42.3520126,8667,1390.397323,revised
VIRGINIA,2020,8590563,17925,524,2279,2947,12175,125114,11465,102796,10853,208.6591996,6.099716631,26.52911107,34.30508571,141.7252862,1456.412112,133.460403,1196.615402,126.3363065,143039,1665.071311,revised
WASHINGTON,2020,7693612,22596,301,2677,5183,14435,210223,40167,142657,27399,293.6982005,3.912336624,34.79510014,67.36757715,187.6231866,2732.435688,522.0824757,1854.226597,356.1266152,232819,3026.133889,revised
WEST VIRGINIA,2020,1784787,6352,117,832,369,5034,24976,4877,17828,2271,355.8968101,6.55540409,46.61620686,20.67473598,282.0504632,1399.382671,273.2538953,998.8867019,127.2420743,31328,1755.279482,revised
WISCONSIN,2020,5832655,18861,308,2020,3081,13452,86654,12744,64517,9393,323.3690318,5.28061406,34.63259871,52.82328545,230.6325336,1485.669905,218.4939792,1106.134342,161.041584,105515,1809.038937,revised
WYOMING,2020,582328,1364,18,333,66,947,9379,1225,7190,964,234.232254,3.091041475,57.18426729,11.33381874,162.6231265,1610.604333,210.3625448,1234.699345,165.5424434,10743,1844.836587,revised
ALABAMA,2022,5074296,20759,552,1504,1750,16953,88240,14408,63566,10266,409.1010852,10.87835633,29.63957956,34.48754271,334.0956066,1738.960439,283.9408659,1252.705794,202.3137791,108999,2148.061524,revised
ALASKA,2022,733583,5567,70,983,551,3963,13124,1973,9350,1801,758.8780002,9.542205858,133.9998337,75.11079183,540.2251688,1789.027281,268.953888,1274.566068,245.507325,18691,2547.905281,revised
ARIZONA,2022,7359197,31754,500,3246,5160,22848,151421,19941,113508,17972,431.4872941,6.794219532,44.1080732,70.11634557,310.4686558,2057.575032,270.9670634,1542.396541,244.2114269,183175,2489.062326,revised
ARKANSAS,2022,3045637,19654,312,2315,1208,15819,74664,14204,52824,7636,645.3165627,10.24416239,76.01037156,39.6632954,519.3987333,2451.50686,466.3720594,1734.415493,250.7193077,94318,3096.823423,revised
CALIFORNIA,2022,39029342,194935,2231,14613,48192,129899,914517,145141,585181,184195,499.457562,5.716212177,37.44106165,123.4763322,332.8239559,2343.152493,371.8766255,1499.336064,471.9398036,1109452,2842.610055,revised
COLORADO,2022,5839926,28759,375,3700,4241,20443,183816,23077,114856,45883,492.4548701,6.421314243,63.35696719,72.62078321,350.0558055,3147.57413,395.1591167,1966.73725,785.6777637,212575,3640.029,revised
CONNECTICUT,2022,3626205,5441,136,656,1629,3020,54175,4716,42359,7100,150.0466741,3.750477428,18.09053818,44.92299801,83.28266052,1493.986137,130.0533202,1168.135833,195.7969833,59616,1644.032811,revised
DELAWARE,2022,1018396,3906,49,224,580,3053,20002,2068,16204,1730,383.5443187,4.811487869,21.99537312,56.95230539,299.7851523,1964.068987,203.0644268,1591.12958,169.8749799,23908,2347.613306,revised
DISTRICT OF COLUMBIA,2022,671803,5457,197,279,2402,2579,23926,1352,18696,3878,812.2916986,29.32407268,41.53003187,357.5452923,383.8923018,3561.460726,201.2494734,2782.958695,577.2525577,29383,4373.752424,revised
FLORIDA,2022,22244823,57587,1113,6714,7477,42283,348403,38594,279116,30693,258.8782118,5.003411356,30.18230354,33.6123151,190.0801818,1566.220599,173.4965479,1254.74588,137.9781714,405990,1825.099,revised
GEORGIA,2022,10912876,40048,893,3977,4753,30425,184513,23772,138207,22534,366.9793371,8.182994107,36.44318876,43.55405486,278.7990993,1690.782521,217.8344187,1266.458081,206.4900215,224561,2057.761859,revised
HAWAII,2022,1440196,3739,30,546,952,2211,35065,3745,25459,5861,259.617441,2.083049807,37.91150649,66.10211388,153.5207708,2434.73805,260.0340509,1767.745501,406.9584973,38804,2694.355491,revised
IDAHO,2022,1939033,4681,53,945,159,3524,17972,3075,13129,1768,241.408991,2.733321197,48.73563266,8.19996359,181.7400735,926.8537462,158.5842015,677.0900753,91.17946935,22653,1168.262737,revised
ILLINOIS,2022,12582032,36149,982,6052,10655,18460,211721,26229,150061,35431,287.3065336,7.804780659,48.10033864,84.6842545,146.7171598,1682.725016,208.4639429,1192.66109,281.5999832,247870,1970.03155,revised
INDIANA,2022,6833037,20925,427,2241,2936,15321,105514,15449,76437,13628,306.2327922,6.249051483,32.7965442,42.96771699,224.2194796,1544.174282,226.0927315,1118.638755,199.4427953,126439,1850.407074,revised
IOWA,2022,3200517,9170,53,1361,692,7064,42614,6997,30899,4718,286.5162097,1.655982455,42.52437965,21.62150678,220.7143408,1331.472384,218.6209291,965.4377715,147.4136835,51784,1617.988594,revised
KANSAS,2022,2937150,12178,134,1335,859,9850,58515,8029,43725,6761,414.6196143,4.562245714,45.45222409,29.24603783,335.3591066,1992.237373,273.3602302,1488.688014,230.1891289,70693,2406.856987,revised
KENTUCKY,2022,4512310,9663,306,1527,1720,6110,65375,11044,44664,9667,214.1475209,6.78144897,33.84076005,38.11794846,135.4073634,1448.814465,244.7526876,989.8256104,214.2361673,75038,1662.961986,revised
LOUISIANA,2022,4590241,28852,740,1975,3091,23046,126147,22850,89052,14245,628.5508757,16.12115791,43.02606334,67.33851229,502.0651421,2748.15636,497.7952138,1940.028857,310.3322897,154999,3376.707236,revised
MAINE,2022,1385340,1431,30,444,139,818,16811,1605,14224,982,103.2959418,2.165533371,32.04989389,10.03363795,59.04687658,1213.492717,115.8560353,1026.751556,70.88512567,18242,1316.788658,revised
MARYLAND,2022,6164660,24565,526,1885,7038,15116,100818,11728,75539,13551,398.4810192,8.532506253,30.57751766,114.1668802,245.2041151,1635.418661,190.2456908,1225.355494,219.8174757,125383,2033.89968,revised
MASSACHUSETTS,2022,6981974,22484,148,2033,2630,17673,74714,9968,57784,6962,322.0292714,2.119744359,29.11783974,37.66843016,253.1232571,1070.098514,142.7676471,827.6169462,99.71392045,97198,1392.127785,revised
MICHIGAN,2022,10034113,46257,695,6504,3672,35386,154203,21503,105887,26813,460.9973996,6.926372067,64.81888334,36.59516292,352.6569812,1536.787557,214.298962,1055.270157,267.2184377,200460,1997.784956,revised
MINNESOTA,2022,5717184,16044,182,2327,3260,10275,112448,12244,83747,16457,280.6276656,3.183385387,40.70185602,57.02107891,179.7213453,1966.842418,214.1613773,1464.829538,287.8515017,128492,2247.470083,revised
MISSISSIPPI,2022,2940057,7204,228,990,754,5232,51356,10296,35946,5114,245.029263,7.75495169,33.67281655,25.64576129,177.9557335,1746.768855,350.1972921,1222.629357,173.9422059,58560,1991.798118,revised
MISSOURI,2022,6177957,30149,624,3023,3387,23115,144569,18276,96202,30091,488.0092238,10.1004264,48.93203368,54.82394908,374.1528146,2340.077796,295.8259502,1557.181444,487.0704021,174718,2828.08702,revised
MONTANA,2022,1122867,4693,50,611,262,3770,21543,2249,16795,2499,417.9479849,4.452887118,54.41428059,23.3331285,335.7476887,1918.570944,200.2908626,1495.724783,222.5552982,26236,2336.518929,revised
NEBRASKA,2022,1967923,5565,62,1089,572,3842,37171,3591,28168,5412,282.7854545,3.150529772,55.33753099,29.06617789,195.2312159,1888.844228,182.4766518,1431.356816,275.0107601,42736,2171.629683,revised
NEVADA,2022,3177772,14427,216,1871,2735,9605,75635,13859,46188,15588,453.9973289,6.797215156,58.87772943,86.06659005,302.2557943,2380.126705,436.1231706,1453.471174,490.5323604,90062,2834.124034,revised
NEW HAMPSHIRE,2022,1395231,1752,25,553,224,950,14105,1025,12152,928,125.5706044,1.791817986,39.63501384,16.05468915,68.08908346,1010.943708,73.46453741,870.9668865,66.51228363,15857,1136.514312,revised
NEW JERSEY,2022,9261699,18794,286,1557,4410,12541,131209,13708,102718,14783,202.9217317,3.08798634,16.81117039,47.61545371,135.4071213,1416.683915,148.0074012,1109.062171,159.6143429,150003,1619.605647,revised
NEW MEXICO,2022,2113344,16494,253,1153,2338,12750,63063,12764,38851,11448,780.4692468,11.97154841,54.55808425,110.6303564,603.3092577,2984.038566,603.971715,1838.366116,541.7007359,79557,3764.507813,revised
NEW YORK,2022,19677151,84469,783,5805,22040,55841,338757,31976,279810,26971,429.2745428,3.979234595,29.501222,112.0080849,283.7860013,1721.575446,162.5031998,1422.004639,137.067607,423226,2150.849988,revised
NORTH CAROLINA,2022,10698973,43344,862,3267,5875,33340,220841,39668,159845,21328,405.1229964,8.056848073,30.53564113,54.91181256,311.6186946,2064.132698,370.7645584,1494.021903,199.3462363,264185,2469.255694,revised
NORTH DAKOTA,2022,779261,2179,27,442,215,1495,15545,2789,10764,1992,279.6239001,3.464821157,56.72040562,27.59024255,191.8484308,1994.8387,357.9031929,1381.308701,255.6268054,17724,2274.4626,revised
OHIO,2022,11756058,34510,718,5692,6243,21857,209575,30015,151994,27566,293.5507804,6.107489432,48.41759032,53.10453555,185.9211651,1782.697908,255.3151745,1292.899372,234.4833617,244085,2076.248688,revised
OKLAHOMA,2022,4019800,16871,270,2313,1632,12656,93756,19401,61734,12621,419.6974974,6.716752077,57.54017613,40.59903478,314.8415344,2332.354844,482.635952,1535.748047,313.9708443,110627,2752.052341,revised
OREGON,2022,4240137,14520,192,1722,2910,9696,124459,15295,85778,23386,342.4417654,4.528155576,40.61189532,68.62985795,228.6718566,2935.258931,360.7194768,2023.000672,551.5387828,138979,3277.700697,revised
PENNSYLVANIA,2022,12972008,36307,1020,3828,8829,22630,192311,19231,151931,21149,279.8872773,7.863084882,29.50969503,68.06193767,174.4525597,1482.507566,148.2499857,1171.221911,163.0356688,228618,1762.394843,revised
RHODE ISLAND,2022,1093734,1885,16,416,269,1184,14058,1401,10911,1746,172.3453783,1.462878543,38.03484211,24.5946455,108.2530122,1285.32166,128.0933024,997.5917362,159.636621,15943,1457.667038,revised
SOUTH CAROLINA,2022,5282634,25955,592,2019,2145,21199,121935,18632,90137,13166,491.3268646,11.20653068,38.21957001,40.60474377,401.2960201,2308.223511,352.7028373,1706.288946,249.231728,147890,2799.550376,revised
SOUTH DAKOTA,2022,909824,3434,39,508,230,2657,15804,2393,11207,2204,377.4356359,4.286543331,55.83497468,25.27961452,292.0345034,1737.039252,263.0179024,1231.776695,242.2446539,19238,2114.474887,revised
TENNESSEE,2022,7051339,43829,609,2694,4731,35795,162342,22499,114293,25550,621.5698891,8.63665752,38.20550962,67.09363995,507.634082,2302.286133,319.0741503,1620.869455,362.3425281,206171,2923.856,revised
TEXAS,2022,30029572,129702,2026,15002,21176,91498,690660,100402,490808,99450,431.9142477,6.746682903,49.95742197,70.51715556,304.6929873,2299.932879,334.3437595,1634.415569,331.1735512,820362,2731.847127,revised
UTAH,2022,3380800,8175,67,2010,1002,5096,64069,6818,50207,7044,241.806673,1.98177946,59.45338381,29.63795551,150.7335542,1895.084004,201.6682442,1485.062707,208.3530525,72244,2136.890677,revised
VERMONT,2022,647064,1436,22,238,86,1090,10813,984,9224,605,221.9254973,3.3999728,36.78152393,13.29080276,168.4531978,1671.086631,152.0715107,1425.515869,93.49925201,12249,1893.012129,revised
VIRGINIA,2022,8683619,20324,638,2623,3336,13727,147249,10818,122473,13958,234.0498817,7.34716712,30.20629993,38.41716225,158.0792524,1695.710049,124.5793948,1410.391221,160.7394336,167573,1929.759931,revised
WASHINGTON,2022,7785786,29247,387,3055,6756,19049,261323,43837,167709,49777,375.6460812,4.970596418,39.23817069,86.77351265,244.6638014,3356.411286,563.0388505,2154.04071,639.3317258,290570,3732.057367,revised
WEST VIRGINIA,2022,1775156,4934,81,789,178,3886,21836,3377,16885,1574,277.9474029,4.562979254,44.44679792,10.02728774,218.910338,1230.089074,190.2368017,951.1840086,88.66826352,26770,1508.036477,revised
WISCONSIN,2022,5892539,17502,314,2273,2323,12592,81611,9059,57805,14747,297.0196718,5.328772538,38.57420375,39.42273441,213.6939611,1384.988712,153.7367848,980.9862947,250.2656325,99113,1682.008384,revised
WYOMING,2022,581381,1174,15,365,46,748,9516,1218,7354,944,201.9329837,2.580063676,62.78154945,7.912195273,128.6591753,1636.792396,209.5011705,1264.919218,162.3720073,10690,1838.72538,revised
ALABAMA,2023,5108468,20635,524,1514,1832,16765,86793,13009,63333,10451,403.9371491,10.25747837,29.63706536,35.8620236,328.1805817,1699.002519,254.6556032,1239.765033,204.5818825,107428,2102.939668,revised
ALASKA,2023,733406,5327,62,868,568,3829,13769,1830,9959,1980,726.3371175,8.453707769,118.3519088,77.44687117,522.0846298,1877.404875,249.5207293,1357.910898,269.9732481,19096,2603.741993,revised
ARIZONA,2023,7431344,30383,442,3013,4504,22424,133532,17462,95603,20467,408.8493279,5.947780105,40.54448294,60.6081484,301.7489165,1796.875505,234.9776837,1286.483306,275.4145145,163915,2205.724833,revised
ARKANSAS,2023,3067732,19016,289,2219,1154,15354,68378,12518,49166,6694,619.8716185,9.420640395,72.3335676,37.61736684,500.5000437,2228.943076,408.0538978,1602.682373,218.2068055,87394,2848.814694,revised
CALIFORNIA,2023,38965193,198036,1929,14190,49977,131940,906176,135369,571215,199592,508.2382115,4.950572168,36.41711719,128.2606248,338.6098973,2325.603777,347.410059,1465.962199,512.231519,1104212,2833.841988,revised
COLORADO,2023,5877610,27859,314,3453,3793,20299,169210,21079,109817,38314,473.9851742,5.342307503,58.74836881,64.53303298,345.3614649,2878.89125,358.6321651,1868.395487,651.8635976,197069,3352.876424,revised
CONNECTICUT,2023,3617176,5434,135,728,1569,3002,56371,4623,41187,10561,150.2276914,3.732193291,20.1261979,43.37637981,82.99292044,1558.425689,127.8068858,1138.650704,291.9680989,61805,1708.65338,revised
DELAWARE,2023,1031890,3923,46,194,535,3148,19405,1823,15075,2507,380.1761816,4.457839498,18.80045354,51.84661156,305.071277,1880.529901,176.6661175,1460.911531,242.9522527,23328,2260.706083,revised
FLORIDA,2023,22610726,65621,1066,6755,9564,48236,342865,36874,276181,29810,290.2206678,4.714576613,29.87520171,42.29850912,213.3323804,1516.382092,163.0818931,1221.460116,131.8400833,408486,1806.60276,revised
GEORGIA,2023,11029227,38800,782,3584,4657,29777,201096,24633,148829,27634,351.7925599,7.090252109,32.4954777,42.22417401,269.9826561,1823.300944,223.3429414,1349.405539,250.5524639,239896,2175.093504,revised
HAWAII,2023,1435138,2685,20,407,638,1620,23962,2524,17083,4355,187.090022,1.393594205,28.35964207,44.45565514,112.8811306,1669.665217,175.8715887,1190.33849,303.4551381,26647,1856.755239,revised
IDAHO,2023,1964726,4598,46,843,186,3523,15904,2767,11635,1502,234.0275438,2.341293392,42.90674628,9.466968931,179.3125352,809.4767413,140.8338873,592.194535,76.448319,20502,1043.504285,revised
ILLINOIS,2023,12549689,38915,823,5336,13835,18921,215867,29094,143511,43262,310.0873655,6.557931436,42.51898194,110.2417757,150.7686764,1720.098402,231.8304462,1143.542282,344.7256741,254782,2030.185768,revised
INDIANA,2023,6862199,22794,386,2338,2773,17297,105905,14979,74753,16173,332.1675749,5.625019035,34.07071115,40.40978701,252.0620577,1543.309951,218.2827983,1089.344684,235.6824685,128699,1875.477525,revised
IOWA,2023,3207004,8978,79,1323,715,6861,46202,7010,33893,5299,279.94976,2.463358324,41.2534565,22.29495192,213.9379932,1440.659257,218.5840741,1056.843085,165.2320982,55180,1720.609017,revised
KANSAS,2023,2940546,12635,136,1302,920,10277,61571,8622,45906,7043,429.6821067,4.624991413,44.27749132,31.28670662,349.4929173,2093.86284,293.2108527,1561.138646,239.5133421,74206,2523.544947,revised
KENTUCKY,2023,4526154,10153,275,1515,1774,6589,70247,10521,46846,12880,224.3184832,6.07579857,33.47212667,39.19442423,145.5761337,1552.02408,232.4490064,1035.006763,284.5683112,80400,1776.342564,revised
LOUISIANA,2023,4573749,25065,663,2157,2436,19809,120298,20443,82592,17263,548.0187041,14.49576704,47.16043666,53.26046532,433.1020351,2630.183685,446.963749,1805.783396,377.4365406,145363,3178.202389,revised
MAINE,2023,1395722,1430,60,423,163,784,15640,1538,13000,1102,102.4559332,4.298850344,30.30689493,11.67854343,56.1716445,1120.56699,110.1938638,931.4175746,78.95555132,17070,1223.022923,revised
MARYLAND,2023,6180253,26338,515,1973,8079,15771,128001,11487,82682,33832,426.1637833,8.332992193,31.92425941,130.7228037,255.1837279,2071.128803,185.8661773,1337.841671,547.4209551,154339,2497.292587,revised
MASSACHUSETTS,2023,7001399,21998,146,1910,2560,17382,77067,9231,59672,8164,314.1943489,2.085297524,27.28026213,36.56412097,248.2646682,1100.737153,131.8450784,852.2868073,116.605267,99065,1414.931502,revised
MICHIGAN,2023,10037261,45888,591,5909,3701,35687,155234,20598,106397,28239,457.1765146,5.888060498,58.8706421,36.87260897,355.545203,1546.577298,205.2153471,1060.020259,281.3416927,201122,2003.753813,revised
MINNESOTA,2023,5737915,14984,180,2043,2782,9979,97682,10523,71839,15320,261.1401528,3.137027997,35.60526777,48.48451049,173.9133466,1702.395382,183.3941423,1252.005302,266.9959384,112666,1963.535535,revised
MISSISSIPPI,2023,2939690,5961,204,958,630,4169,46657,8946,32141,5570,202.7764832,6.939507227,32.58847021,21.43083114,141.8176747,1587.140141,304.3178022,1093.346577,189.475761,52618,1789.917,revised
MISSOURI,2023,6196156,28419,564,2877,3280,21698,129824,15563,84604,29657,458.655334,9.102417693,46.43201365,52.93604616,350.1848565,2095.234529,251.1718556,1365.42721,478.6354637,158243,2553.889863,revised
MONTANA,2023,1132812,5007,32,616,273,4086,20772,1929,16678,2165,441.9974365,2.824828833,54.37795504,24.09932098,360.6953316,1833.667016,170.2842131,1472.265477,191.1173257,25779,2275.664453,revised
NEBRASKA,2023,1978379,4545,64,957,520,3004,39094,3353,27490,8251,229.7335344,3.234971661,48.37293562,26.28414475,151.8414823,1976.062221,169.4821872,1389.521421,417.0586121,43639,2205.795755,revised
NEVADA,2023,3194176,13313,218,1582,2291,9222,80396,12797,45902,21697,416.7898074,6.824921357,49.52764031,71.7242882,288.7129576,2516.95586,400.6354064,1437.052936,679.2675169,93709,2933.745667,revised
NEW HAMPSHIRE,2023,1402054,1503,26,499,225,753,12463,779,10848,836,107.1998653,1.854422155,35.59064059,16.04788403,53.70691856,888.9101276,55.56134072,773.7219822,59.62680467,13966,996.1099929,revised
NEW JERSEY,2023,9290841,20564,264,1660,4635,14005,141370,14382,109269,17719,221.3362601,2.841508105,17.86705854,49.88784115,150.7398523,1521.606063,154.797612,1176.093747,190.7147049,161934,1742.942324,revised
NEW MEXICO,2023,2114371,15844,244,1114,1542,12944,61052,10950,39117,10985,749.3481513,11.54007504,52.68706391,72.92949061,612.1915217,2887.47812,517.8845151,1850.053751,519.5398537,76896,3636.826271,revised
NEW YORK,2023,19571216,76298,595,4900,20578,50225,352015,29905,286473,35637,389.8480299,3.040179006,25.03676828,105.1442077,256.6268749,1798.636324,152.8009297,1463.746555,182.088839,428313,2188.484354,revised
NORTH CAROLINA,2023,10835491,42408,855,3051,5617,32885,223737,38500,156871,28366,391.3805106,7.8907361,28.15746882,51.83890605,303.4933996,2064.85336,355.3138478,1447.751652,261.7878599,266145,2456.233871,revised
NORTH DAKOTA,2023,783926,2096,26,392,203,1475,15217,2509,10982,1726,267.3721754,3.316639581,50.00471983,25.89530134,188.1555147,1941.127096,320.0557195,1400.897534,220.1738429,17313,2208.499272,revised
OHIO,2023,11785935,33770,639,5544,5857,21730,199476,27516,140210,31750,286.5279674,5.421716648,47.03911909,49.69482693,184.3723048,1692.491941,233.4647188,1189.638327,269.3888945,233246,1979.019908,revised
OKLAHOMA,2023,4053824,16770,247,2376,1510,12637,87097,18586,57816,10695,413.6834752,6.093012425,58.611326,37.24878041,311.7303563,2148.514588,458.4806839,1426.208933,263.8249712,103867,2562.198063,revised
OREGON,2023,4233358,13813,189,1711,2642,9271,109672,14383,77789,17500,326.2894374,4.464540915,40.41708733,62.40908518,218.9987239,2590.66207,339.7539258,1837.524726,413.3834181,123485,2916.951508,revised
PENNSYLVANIA,2023,12961683,34534,861,3256,8230,22187,204670,17896,152449,34325,266.4314503,6.642655896,25.12019465,63.49484091,171.1737588,1579.038771,138.06849,1176.151276,264.8190054,239204,1845.470222,revised
RHODE ISLAND,2023,1095962,1839,28,402,241,1168,12285,1297,9452,1536,167.7977886,2.554833106,36.68010387,21.98981352,106.5730381,1120.933025,118.3435192,862.4386612,140.1508446,14124,1288.730814,revised
SOUTH CAROLINA,2023,5373555,25312,482,1958,2108,20764,117846,17263,86930,13653,471.0475653,8.969853291,36.43770279,39.22915091,386.4108584,2193.073301,321.2584593,1617.737234,254.0776078,143158,2664.120866,revised
SOUTH DAKOTA,2023,919318,3215,27,462,188,2538,14878,2042,10585,2251,349.7157676,2.93695979,50.25464529,20.44994224,276.0742202,1618.37362,222.1211811,1151.397014,244.8554254,18093,1968.089388,revised
TENNESSEE,2023,7126489,44769,703,2678,5095,36293,168314,21145,115002,32167,628.2055582,9.864605137,37.57811175,71.49383097,509.2690103,2361.808178,296.7099227,1613.725917,451.3723378,213083,2990.013736,revised
TEXAS,2023,30503301,123856,1845,15097,21000,85914,682754,92693,465016,125045,406.0413003,6.048525699,49.49300405,68.84500796,281.6547625,2238.295455,303.8785868,1524.477629,409.939239,806610,2644.336756,revised
UTAH,2023,3417734,7936,68,1859,901,5108,55756,5798,44906,5052,232.2006335,1.989622364,54.39276433,26.36249632,149.4557505,1631.373302,169.6445657,1313.911498,147.817238,63692,1863.573935,revised
VERMONT,2023,647464,1362,16,198,94,1054,11615,898,10124,593,210.359186,2.471179865,30.58085083,14.51818171,162.7889736,1793.922133,138.6949699,1563.639059,91.58810374,12977,2004.281319,revised
VIRGINIA,2023,8715698,20589,520,2595,3283,14191,144566,10665,118839,15062,236.2289285,5.966246192,29.77386321,37.66766586,162.8211533,1658.685283,122.3654147,1363.505252,172.8146157,165155,1894.914211,revised
WASHINGTON,2023,7812880,27909,373,2917,6416,18203,225535,37583,134730,53222,357.2178249,4.774167784,37.33578399,82.12080564,232.9870675,2886.707591,481.0390023,1724.460122,681.208466,253444,3243.925415,revised
WEST VIRGINIA,2023,1770071,4699,87,823,199,3590,21153,3156,16355,1642,265.4695772,4.91505708,46.49531008,11.24248688,202.8167232,1195.036809,178.2979327,923.9742361,92.76464051,25852,1460.506386,revised
WISCONSIN,2023,5910955,17057,283,2156,2285,12333,71929,7619,54374,9936,288.5658916,4.787720428,36.4746475,38.65703596,208.6464878,1216.876122,128.8962613,919.8851962,168.0946649,88986,1505.442014,revised
WYOMING,2023,584057,1116,18,314,67,717,8585,1185,6631,769,191.0772407,3.08189098,53.76187598,11.47148309,122.7619907,1469.890781,202.8911562,1135.334394,131.6652313,9701,1660.968022,revised
ALABAMA,2024,5157699,18561,450,1331,1753,15027,80721,12558,59238,8925,359.8697791,8.724820894,25.80608136,33.9880245,291.3508524,1565.058372,243.4806684,1148.535422,173.0422811,99282,1924.928151,revised
ALASKA,2024,740133,5359,51,904,607,3797,12665,1763,9084,1818,724.0590543,6.890653437,122.1402099,82.01228698,513.0159039,1711.178937,238.2004315,1227.346977,245.6315284,18024,2435.237991,revised
ARIZONA,2024,7582384,31991,374,3033,4897,23687,135883,16511,100839,18533,421.9121585,4.932485614,40.00061194,64.58390923,312.3951517,1792.088082,217.7547325,1329.911542,244.4218072,167874,2214.000241,revised
ARKANSAS,2024,3088354,17893,226,2160,1193,14314,59591,10893,43238,5460,579.3701111,7.317813955,69.94016878,38.62899137,463.483137,1929.539166,352.7121567,1400.033804,176.7932044,77484,2508.909277,revised
CALIFORNIA,2024,39431263,191641,1782,14436,46943,128480,819559,120573,530422,168564,486.0128371,4.519256713,36.61054428,119.0502064,325.8328297,2078.449782,305.780213,1345.18136,427.488209,1011200,2564.463,revised
COLORADO,2024,5957493,28378,270,3474,3752,20882,154466,20734,104507,29225,476.3413067,4.532107717,58.31311929,62.97951168,350.516568,2592.802039,348.0323015,1754.211041,490.5586964,182844,3069.143346,revised
CONNECTICUT,2024,3675069,4998,90,659,1399,2850,50205,4311,37256,8638,135.9974466,2.448933612,17.93163611,38.06731248,77.54956438,1366.0968,117.30392,1013.749674,235.043206,55203,1502.094246,revised
DELAWARE,2024,1051917,3795,60,165,494,3076,18364,1842,14326,2196,360.7699087,5.703872074,15.6856482,46.96188007,292.4185083,1745.765113,175.1088727,1361.894522,208.7617179,22159,2106.535021,revised
FLORIDA,2024,23372215,62423,900,6529,8929,46065,331980,35652,267587,28741,267.0820887,3.850726172,27.93487909,38.20348221,197.0930012,1420.404527,152.5400994,1144.893627,122.970801,394403,1687.486616,revised
GEORGIA,2024,11180878,36420,770,3598,4558,27494,187263,22677,139462,25124,325.7347053,6.886757909,32.1799415,40.76602929,245.9019766,1674.85058,202.8194924,1247.326015,224.7050724,223683,2000.585285,revised
HAWAII,2024,1446146,3148,23,562,597,1966,28154,2754,20236,5164,217.6820321,1.590434161,38.86191297,41.28213887,135.9475461,1946.829712,190.4372034,1399.305464,357.0870438,31302,2164.511744,revised
IDAHO,2024,2001619,4616,32,895,141,3548,14737,2326,11061,1350,230.6133185,1.598705848,44.71380418,7.044297641,177.2565109,736.2540024,116.2059313,552.6026681,67.44540295,19353,966.8673209,revised
ILLINOIS,2024,12710158,36756,732,5963,11469,18592,218004,36919,144179,36906,289.1860196,5.759173096,46.91523111,90.23491289,146.2767025,1715.195043,290.4684584,1134.360407,290.366178,254760,2004.381,revised
INDIANA,2024,6924275,21669,381,2322,2386,16580,95457,12244,68465,14748,312.9425102,5.502381116,33.53419672,34.45848121,239.4474512,1378.584762,176.8271769,988.7677771,212.9898076,117126,1691.527272,revised
IOWA,2024,3241488,7885,69,1142,605,6069,42034,6454,31201,4379,243.2524816,2.128652026,35.23073354,18.66426777,187.2288282,1296.750135,199.1060895,962.5517663,135.0922786,49919,1540.002616,revised
KANSAS,2024,2970606,13033,114,1311,918,10690,58116,7771,43325,7020,438.7320298,3.837600813,44.13240935,30.90278549,359.8592341,1956.368499,261.5964554,1458.456625,236.3154185,71149,2395.100528,revised
KENTUCKY,2024,4588372,9779,279,1488,1612,6400,61938,8881,42680,10377,213.1257012,6.08058806,32.42980299,35.13228657,139.4830236,1349.890549,193.5544895,930.1774137,226.1586462,71717,1563.016251,revised
LOUISIANA,2024,4597740,23900,495,1548,1812,20045,105583,18640,75230,11713,519.8206075,10.76615903,33.6687155,39.41066698,435.975066,2296.410845,405.4165742,1636.238674,254.7555973,129483,2816.231453,revised
MAINE,2024,1405012,1406,33,445,155,773,16047,1406,13502,1139,100.0703197,2.348734388,31.67232735,11.03193425,55.0173237,1142.125477,100.0703197,960.9882336,81.06692327,17453,1242.195796,revised
MARYLAND,2024,6263220,26330,448,2066,7719,16097,128369,11901,90616,25852,420.3907894,7.152870249,32.98622753,123.2433157,257.0083759,2049.568752,190.0140822,1446.795738,412.7589323,154699,2469.959542,revised
MASSACHUSETTS,2024,7136171,22457,127,1967,2570,17793,79362,9301,62533,7528,314.6925711,1.779665874,27.56380137,36.01371099,249.3353929,1112.109001,130.3360023,876.2822528,105.4907457,101819,1426.801572,revised
MICHIGAN,2024,10140459,44043,529,5726,3179,34609,139823,18680,97716,23427,434.329452,5.216726383,56.46687196,31.34966573,341.2961879,1378.862633,184.2125687,963.6250193,231.0250453,183866,1813.192085,revised
MINNESOTA,2024,5793151,14868,169,2133,2831,9735,93054,10700,70009,12345,256.6478933,2.917237959,36.81934063,48.86805126,168.0432635,1606.276101,184.7008649,1208.478771,213.0964651,107922,1862.923994,revised
MISSISSIPPI,2024,2943045,6194,217,861,543,4573,40115,6923,28916,4276,210.4622933,7.373315733,29.25541404,18.45027854,155.383285,1363.044058,235.2325568,982.5198052,145.2916962,46309,1573.506351,revised
MISSOURI,2024,6245466,28857,486,2825,3216,22330,121238,14760,81596,24882,462.0471875,7.781645117,45.23281369,51.49335534,357.5393734,1941.216236,236.3314443,1306.483776,398.401016,150095,2403.263423,revised
MONTANA,2024,1137233,4816,31,673,217,3895,18392,1902,14625,1865,423.4840178,2.725914566,59.17872591,19.08140196,342.4979753,1617.258732,167.2480486,1286.016146,163.9945376,23208,2040.74275,revised
NEBRASKA,2024,2005465,4423,42,872,411,3098,32622,3111,24445,5066,220.5473544,2.094277387,43.48118765,20.49400014,154.4778892,1626.655165,155.1261179,1218.919303,252.6097439,37045,1847.202519,revised
NEVADA,2024,3267467,13135,199,1693,2063,9180,71786,11908,44345,15533,401.9933484,6.0903446,51.81383622,63.13759251,280.951575,2196.992349,364.4413241,1357.167494,475.383531,84921,2598.985697,revised
NEW HAMPSHIRE,2024,1409032,1551,14,475,177,885,12935,678,11349,908,110.0755696,0.993589926,33.71108676,12.56181549,62.80907744,918.0061205,48.11814068,805.4465761,64.44140374,14486,1028.08169,revised
NEW JERSEY,2024,9500851,20684,223,1640,4681,14140,135610,13805,106353,15452,217.7068138,2.347158165,17.26161162,49.26927072,148.8287733,1427.345824,145.3027734,1119.404988,162.6380626,156294,1645.052638,revised
NEW MEXICO,2024,2130256,15276,224,1146,1391,12515,58605,10658,37298,10649,717.0969123,10.51516813,53.79635124,65.29731638,587.4880766,2751.077805,500.315455,1750.869379,499.8929706,73881,3468.174717,revised
NEW YORK,2024,19867248,75528,541,4313,19094,51580,341627,27142,284648,29837,380.1633724,2.72307468,21.7090963,96.10792597,259.6232755,1719.548676,136.6168077,1432.750022,150.181847,417155,2099.712049,revised
NORTH CAROLINA,2024,11046024,41511,832,3091,5540,32048,217402,35777,153559,28066,375.8003785,7.532121965,27.98291946,50.15379289,290.1315442,1968.147091,323.8902975,1390.174419,254.0823739,258913,2343.947469,revised
NORTH DAKOTA,2024,796568,2026,21,397,218,1390,13399,2160,9797,1442,254.3411234,2.636309769,49.83880849,27.36740617,174.498599,1682.091171,271.1632905,1229.901276,181.0266041,15425,1936.432295,revised
OHIO,2024,11883304,34898,598,5435,5403,23462,184339,24477,134610,25252,293.6725342,5.032270486,45.73643828,45.46715291,197.4366725,1551.243661,205.9780681,1132.76577,212.4998233,219237,1844.916195,revised
OKLAHOMA,2024,4095393,17316,256,2444,1566,13050,80996,16847,55031,9118,422.8165649,6.250926346,59.67681246,38.23808851,318.6507375,1977.734493,411.3646725,1343.729405,222.6404157,98312,2400.551058,revised
OREGON,2024,4272371,14143,158,1762,2436,9787,102026,13096,76452,12478,331.0339856,3.698180706,41.24173673,57.01752025,229.0765479,2388.041675,306.5276869,1789.451337,292.0626509,116169,2719.075661,revised
PENNSYLVANIA,2024,13078751,32123,652,3636,6726,21109,187680,15258,147763,24659,245.6121383,4.985185512,27.80081982,51.42692907,161.3992039,1434.999412,116.6625162,1129.794428,188.5424686,219803,1680.611551,revised
RHODE ISLAND,2024,1112308,1708,23,328,247,1110,11483,1012,9126,1345,153.554591,2.067772595,29.48823527,22.20607961,99.79250352,1032.357944,90.9819942,820.4562046,120.9197453,13191,1185.912535,revised
SOUTH CAROLINA,2024,5478831,23927,409,2033,1922,19563,107701,15474,80440,11787,436.7172486,7.465096113,37.10645574,35.08047611,357.0652207,1965.766055,282.4325116,1468.196409,215.1371342,131628,2402.483303,revised
SOUTH DAKOTA,2024,924669,3350,43,476,209,2622,14665,1800,11054,1811,362.2918039,4.650312706,51.47788019,22.60268269,283.5609283,1585.972927,194.6642528,1195.454806,195.8538677,18015,1948.26473,revised
TENNESSEE,2024,7227750,42807,571,2701,4221,35314,146876,18203,104337,24336,592.2590018,7.900107226,37.36985922,58.39991699,488.5891183,2032.112345,251.8487773,1443.561274,336.7022932,189683,2624.371347,revised
TEXAS,2024,31290831,121845,1616,15650,19866,84713,638482,88945,446073,103464,389.3952193,5.164452168,50.01465126,63.48824676,270.7278691,2040.47633,284.2525978,1425.57096,330.6527717,760327,2429.871549,revised
UTAH,2024,3503613,8045,91,2032,958,4964,49361,5136,40145,4080,229.6201093,2.597318825,57.9972731,27.34320257,141.6823148,1408.85994,146.5915328,1145.817189,116.4512176,57406,1638.480049,revised
VERMONT,2024,648493,1421,22,225,92,1082,10554,847,9295,412,219.1234138,3.392480721,34.69582555,14.18673756,166.84837,1627.465524,130.6105077,1433.323104,63.53191168,11975,1846.588938,revised
VIRGINIA,2024,8811195,19200,421,2447,2919,13413,138307,9576,115949,12782,217.9046089,4.778012517,27.77148843,33.12831006,152.2267978,1569.67358,108.6799237,1315.928203,145.0654537,157507,1787.578189,revised
WASHINGTON,2024,7958180,25950,303,3007,5372,17268,196288,31735,130053,34500,326.079581,3.8074032,37.7850212,67.50287126,216.9842854,2466.493595,398.7720811,1634.205308,433.516206,222238,2792.573176,revised
WEST VIRGINIA,2024,1769979,4404,94,850,171,3289,20566,3156,16020,1390,248.8165114,5.310797473,48.02316864,9.661131573,185.8214137,1161.93469,178.3072003,905.0954842,78.53200518,24970,1410.751201,revised
WISCONSIN,2024,5960975,16602,251,2074,2351,11926,68794,6986,52195,9613,278.5114851,4.210720562,34.79296592,39.43985673,200.0679419,1154.072949,117.195593,875.6117917,161.2655648,85396,1432.584435,revised
WYOMING,2024,587618,1195,14,341,42,798,7239,1006,5609,624,203.3634096,2.382500196,58.03089762,7.147500587,135.8025112,1231.92278,171.1996569,954.5316856,106.1914373,8434,1435.286,revised
